Id,App,Category,Genres,ContentRating,Rating,Reviews,Price,AverageSentimentPolarity,AverageSentimentSubjectivity,Installs,ColumnLength,InstallLevel
1,10 Best Foods for You,HEALTH_AND_FITNESS,Health & Fitness,Everyone 10+,4,2490,0,0.470732821,0.495454714,500000,6,Low
2,11st,SHOPPING,Shopping,Everyone,3.8,48732,0,0.181294214,0.443956935,10000000,8,Medium
3,1800 Contacts - Lens Store,MEDICAL,Medical,Everyone,4.7,23160,0,0.318144774,0.591098485,1000000,7,Medium
4,1LINE ‚Äì One Line with One Touch,GAME,Board,Everyone,4.6,214878,0,0.1962903,0.557315305,10000000,8,Medium
5,2018Emoji Keyboard üòÇ Emoticons Lite -sticker&gif,PERSONALIZATION,Personalization,Everyone,4.2,115773,0,0.449565972,0.520572917,10000000,8,Medium
6,21-Day Meditation Experience,HEALTH_AND_FITNESS,Health & Fitness,Everyone,4.4,11506,0,0.258013678,0.55104799,100000,6,Low
7,"2Date Dating App, Love and matching",DATING,Dating,Mature 17+,4.4,41605,0,0.28026717,0.558390741,500000,6,Low
8,2GIS: directory & navigator,TRAVEL_AND_LOCAL,Travel & Local,Everyone,4.5,768833,0,0.223129043,0.396657937,50000000,8,Medium
9,2RedBeans,DATING,Dating,Mature 17+,4,337,0,0.412199179,0.597868448,10000,5,Low
10,2ndLine - Second Phone Number,COMMUNICATION,Communication,Everyone,4.2,15880,0,0.168968209,0.377022502,1000000,7,Medium
11,30 Day Fitness Challenge - Workout at Home,HEALTH_AND_FITNESS,Health & Fitness,Everyone,4.8,471036,0,0.333536873,0.558587908,10000000,8,Medium
12,365Scores - Live Scores,SPORTS,Sports,Everyone,4.6,666246,0,0.438311688,0.63961039,10000000,8,Medium
13,3D Live Neon Weed Launcher,PERSONALIZATION,Personalization,Mature 17+,4.5,1724,0,0.568181818,0.4,100000,6,Low
14,4 in a Row,GAME,Board,Everyone,3.8,4257,0,0.281143519,0.578103175,500000,6,Low
15,4K Wallpapers and Ultra HD Backgrounds,PERSONALIZATION,Personalization,Everyone 10+,4.6,7583,0,0.179328002,0.594328203,500000,6,Low
16,7 Cups: Anxiety & Stress Chat,HEALTH_AND_FITNESS,Health & Fitness,Teen,4.2,13799,0,0.324670139,0.567158565,500000,6,Low
17,7 Day Food Journal Challenge,LIFESTYLE,Lifestyle,Teen,4.5,3346,0,0.189411376,0.600202822,100000,6,Low
18,7 Minute Workout,HEALTH_AND_FITNESS,Health & Fitness,Everyone,4.5,399009,0,0.410277778,0.621248196,10000000,8,Medium
19,7 Weeks - Habit & Goal Tracker,PRODUCTIVITY,Productivity,Everyone,4.4,6011,0,0.142820136,0.4974695,500000,6,Low
20,8 Ball Pool,SPORTS,Sports,Everyone,4.5,14184910,0,0.001252007,0.491351737,100000000,9,High
21,850 Sports News Digest,SPORTS,Sports,Everyone,4.6,539,0,0.542859748,0.692420261,10000,5,Low
22,8fit Workouts & Meal Planner,HEALTH_AND_FITNESS,Health & Fitness,Everyone,4.6,115721,0,0.264864241,0.534648476,10000000,8,Medium
23,95Live -SG#1 Live Streaming App,DATING,Dating,Teen,4.1,4954,0,0.069002331,0.45592748,1000000,7,Medium
24,A Call From Santa Claus!,FAMILY,Entertainment,Everyone,3.9,3720,0,0.008293863,0.65774088,1000000,7,Medium
25,A Word A Day,FAMILY,Education,Everyone,3.7,2398,0,0.277272727,0.669034091,500000,6,Low
26,A&E - Watch Full Episodes of TV Shows,FAMILY,Entertainment,Teen,4,29708,0,0.353882576,0.495463268,1000000,7,Medium
27,A+ Gallery - Photos & Videos,PHOTOGRAPHY,Photography,Everyone,4.5,223941,0,0.208814916,0.402870278,10000000,8,Medium
28,A+ Mobile,FINANCE,Finance,Everyone,3.9,730,0,0.329592262,0.522708381,10000,5,Low
29,ABC Kids - Tracing & Phonics,FAMILY,Educational;Education,Everyone,4.5,36606,0,0.367770173,0.50957997,10000000,8,Medium
30,ABC News - US & World News,NEWS_AND_MAGAZINES,News & Magazines,Everyone 10+,4,18976,0,-0.042361839,0.411169347,1000000,7,Medium
31,ABC Preschool Free,EDUCATION,Education;Education,Everyone,3.8,27572,0,0.22080488,0.422970679,5000000,7,Medium
32,ABCmouse.com,FAMILY,Education;Education,Everyone,4.3,50887,0,0.182503858,0.52385086,5000000,7,Medium
33,AC - Tips & News for Android‚Ñ¢,NEWS_AND_MAGAZINES,News & Magazines,Everyone 10+,4.2,23291,0,0.098416551,0.484147255,1000000,7,Medium
34,ACE Elite,FINANCE,Finance,Everyone,4.1,2898,0,0.252170916,0.442589386,100000,6,Low
35,"AD - Nieuws, Sport, Regio & Entertainment",NEWS_AND_MAGAZINES,News & Magazines,Everyone,3.7,10369,0,0.161823643,0.46580604,1000000,7,Medium
36,AMC Theatres,ENTERTAINMENT,Entertainment,Everyone,4.3,44550,0,0.135694444,0.578194444,1000000,7,Medium
37,"AOL - News, Mail & Video",NEWS_AND_MAGAZINES,News & Magazines,Everyone 10+,4.1,62465,0,0.092181993,0.398540747,5000000,7,Medium
38,AP Mobile - Breaking News,NEWS_AND_MAGAZINES,News & Magazines,Everyone 10+,4.5,76616,0,0.195115915,0.471409205,1000000,7,Medium
39,APE Weather ( Live Forecast),WEATHER,Weather,Everyone,4.3,20008,0,0.432323232,0.506649832,5000000,7,Medium
40,"APUS Launcher - Theme, Wallpaper, Hide Apps",PERSONALIZATION,Personalization,Everyone,4.5,5783441,0,0.447473118,0.518548387,100000000,9,High
41,ARY NEWS,NEWS_AND_MAGAZINES,News & Magazines,Everyone,4.4,2959,0,0.233744261,0.438351699,1000000,7,Medium
42,ARY NEWS URDU,NEWS_AND_MAGAZINES,News & Magazines,Everyone,4.4,1071,0,0.243425802,0.518345588,500000,6,Low
43,ASOS,SHOPPING,Shopping,Everyone,4.7,181823,0,0.316916637,0.586404521,10000000,8,Medium
44,ASUS Calling Screen,PRODUCTIVITY,Productivity,Everyone,4.2,102451,0,0.063163931,0.41532956,10000000,8,Medium
45,ASUS Cover for ZenFone 2,PERSONALIZATION,Personalization,Everyone,4.4,43960,0,0.076388889,0.443055556,10000000,8,Medium
46,ASUS Quick Memo,PRODUCTIVITY,Productivity,Everyone,4.5,23089,0,0.029166667,0.333333333,10000000,8,Medium
47,ASUS Sound Recorder,TOOLS,Tools,Everyone,4.5,34126,0,0.516770833,0.595297619,10000000,8,Medium
48,ASUS SuperNote,PRODUCTIVITY,Productivity,Everyone,4.5,26559,0,0.192791424,0.484638309,10000000,8,Medium
49,"AT&T Navigator: Maps, Traffic",TRAVEL_AND_LOCAL,Travel & Local,Everyone,3.6,32862,0,0.071300965,0.412184104,10000000,8,Medium
50,AT&T Smart Wi-Fi,TOOLS,Tools,Everyone,3.9,18513,0,0.189548701,0.432865024,10000000,8,Medium
51,AT&T Visual Voicemail,COMMUNICATION,Communication,Everyone,3.7,13761,0,0.029975541,0.452593867,10000000,8,Medium
52,"AVG Cleaner ‚Äì Speed, Battery & Memory Booster",PRODUCTIVITY,Productivity,Everyone,4.4,1188154,0,0.273663719,0.582449206,10000000,8,Medium
53,Abs Training-Burn belly fat,HEALTH_AND_FITNESS,Health & Fitness,Everyone,4.7,2071,0,0.217418823,0.446909086,100000,6,Low
54,Account Manager,TOOLS,Tools,Everyone,4.1,76604,0,-0.087635203,0.456465685,100000000,9,High
55,Accounting App - Zoho Books,BUSINESS,Business,Everyone,4.5,3079,0,0.448664487,0.52239772,100000,6,Low
56,AccuWeather: Daily Forecast & Live Weather Reports,WEATHER,Weather,Everyone,4.4,2052407,0,0.20072331,0.493706461,50000000,8,Medium
57,Acorn TV: World-class TV from Britain and Beyond,ENTERTAINMENT,Entertainment,Everyone,3,493,0,0.086058391,0.507037769,50000,5,Low
58,Acorns - Invest Spare Change,FINANCE,Finance,Everyone,4.3,45962,0,0.046666667,0.203888889,1000000,7,Medium
59,AdWords Express,BUSINESS,Business,Everyone,4.1,7149,0,0.194843939,0.271668687,1000000,7,Medium
60,Ada - Your Health Guide,MEDICAL,Medical,Everyone,4.7,87418,0,0.303256293,0.555417234,1000000,7,Medium
61,Add Text To Photo,PHOTOGRAPHY,Photography,Everyone,4.1,21578,0,0.229703247,0.400762692,1000000,7,Medium
62,Adobe Acrobat Reader,PRODUCTIVITY,Productivity,Everyone,4.3,3014548,0,0.155061663,0.487158428,100000000,9,High
63,Adobe Photoshop Express:Photo Editor Collage Maker,PHOTOGRAPHY,Photography,Everyone,4.2,914917,0,0.185388498,0.486466274,50000000,8,Medium
64,Advanced Task Killer,PRODUCTIVITY,Productivity,Everyone,4.4,577059,0,0.138851521,0.43680291,50000000,8,Medium
65,Agar.io,GAME,Action,Everyone,4.2,3815614,0,-0.060602233,0.459730487,100000000,9,High
66,Age Calculator,TOOLS,Tools,Everyone,4.4,24265,0,0.131383027,0.60302337,1000000,7,Medium
67,Agoda ‚Äì Hotel Booking Deals,TRAVEL_AND_LOCAL,Travel & Local,Everyone,4.6,263525,0,0.479530612,0.604367347,10000000,8,Medium
68,Air Traffic,MAPS_AND_NAVIGATION,Maps & Navigation,Everyone,4.3,14110,0,0.294640746,0.485969517,1000000,7,Medium
69,AirAsia,TRAVEL_AND_LOCAL,Travel & Local,Everyone,3.9,98585,0,-0.103606301,0.432361712,10000000,8,Medium
70,Airbnb,TRAVEL_AND_LOCAL,Travel & Local,Everyone,4.4,359560,0,0.10800454,0.494907953,10000000,8,Medium
71,Airport + Flight Tracker Radar,TRAVEL_AND_LOCAL,Travel & Local,Everyone,4.2,6762,0,0.089284812,0.424532828,1000000,7,Medium
72,Airway Ex - Intubate. Anesthetize. Train.,MEDICAL,Medical,Everyone,4.3,123,0,0.220941901,0.493101528,10000,5,Low
73,Akinator,FAMILY,Entertainment,Teen,4.3,1805398,0,-0.01489889,0.495300269,50000000,8,Medium
74,AlReader -any text book reader,BOOKS_AND_REFERENCE,Books & Reference,Everyone,4.6,90468,0,0.245551185,0.412576821,5000000,7,Medium
75,Alarm Clock,TOOLS,Tools,Everyone,4.3,114788,0,0.174667283,0.371872186,5000000,7,Medium
76,Alarm Clock Free,TOOLS,Tools,Everyone,4,59973,0,0.155761775,0.356840342,10000000,8,Medium
77,Alfred Home Security Camera,HOUSE_AND_HOME,House & Home,Everyone,4.5,103305,0,0.337574242,0.475872727,5000000,7,Medium
78,"AliExpress - Smarter Shopping, Better Living",SHOPPING,Shopping,Teen,4.6,5911055,0,0.038380546,0.61776629,100000000,9,High
79,All Email Providers,COMMUNICATION,Communication,Everyone,4.1,20901,0,0.215,0.606666667,1000000,7,Medium
80,All Events in City,EVENTS,Events,Everyone,4,3782,0,0.50285974,0.561821068,100000,6,Low
81,All Football - Latest News & Videos,SPORTS,Sports,Everyone,4.6,152653,0,0.432063295,0.510538645,10000000,8,Medium
82,"All Football GO- Live Score, Games",SPORTS,Sports,Everyone,4.6,1981,0,0.526515152,0.514027778,100000,6,Low
83,All Language Translator Free,BOOKS_AND_REFERENCE,Books & Reference,Everyone,4.4,30105,0,0.39278355,0.555032468,1000000,7,Medium
84,All Maths Formulas,BOOKS_AND_REFERENCE,Books & Reference,Everyone,4.4,2709,0,0.354636544,0.421768278,1000000,7,Medium
85,All Mental disorders,MEDICAL,Medical,Everyone,4.5,453,0,0.198602464,0.422873932,100000,6,Low
86,All Social Networks,SOCIAL,Social,Everyone,4.2,22650,0,-0.106410242,0.513820218,1000000,7,Medium
87,All Video Downloader 2018,VIDEO_PLAYERS,Video Players & Editors,Everyone,4.3,7557,0,0.382679739,0.541732026,1000000,7,Medium
88,"All-In-One Toolbox: Cleaner, Booster, App Manager",PRODUCTIVITY,Productivity,Everyone,4.7,536926,0,0.267335093,0.545698107,10000000,8,Medium
89,All-in-One Mahjong 3 FREE,FAMILY,Board;Brain Games,Everyone,4.5,566,0,0.5,0.6,50000,5,Low
90,Allegiant,TRAVEL_AND_LOCAL,Travel & Local,Everyone,3.1,5572,0,0.233333333,0.233333333,1000000,7,Medium
91,Allrecipes Dinner Spinner,FOOD_AND_DRINK,Food & Drink,Everyone,4.5,61881,0,0.272999544,0.581676825,5000000,7,Medium
92,Alto's Adventure,GAME,Action,Everyone,4.6,515240,0,0.039826942,0.526131699,10000000,8,Medium
93,Amazon Drive,PRODUCTIVITY,Productivity,Everyone,4.4,18669,0,0.129849199,0.473376819,1000000,7,Medium
94,"Amazon FreeTime ‚Äì Kids‚Äô Videos, Books, & TV shows",PARENTING,Parenting;Music & Video,Everyone,4.2,2715,0,0.342534825,0.508082564,500000,6,Low
95,Amazon Kindle,BOOKS_AND_REFERENCE,Books & Reference,Teen,4.2,814151,0,0.065191867,0.460117488,100000000,9,High
96,Amazon Prime Video,ENTERTAINMENT,Entertainment,Teen,4.2,411683,0,0.461111111,0.555555556,50000000,8,Medium
97,Amazon Shopping,SHOPPING,Shopping,Teen,4.3,908525,0,0.182022587,0.462437894,100000000,9,High
98,Amazon for Tablets,SHOPPING,Shopping,Teen,4,141584,0,0.101136048,0.371190657,10000000,8,Medium
99,American Airlines,TRAVEL_AND_LOCAL,Travel & Local,Everyone,3.7,16973,0,-0.075636144,0.483723978,5000000,7,Medium
100,Amex Mobile,FINANCE,Finance,Everyone,4.3,24729,0,0.175666326,0.417701245,1000000,7,Medium
101,Amino: Communities and Chats,SOCIAL,Social,Teen,4.8,1264084,0,0.047589604,0.537536125,10000000,8,Medium
102,Amtrak,TRAVEL_AND_LOCAL,Travel & Local,Everyone,3.7,16815,0,-0.028284246,0.369246213,1000000,7,Medium
103,Anatomy Learning - 3D Atlas,MEDICAL,Medical,Everyone,4.5,72167,0,0.22653245,0.488832722,1000000,7,Medium
104,Ancestry,BOOKS_AND_REFERENCE,Books & Reference,Everyone,4.3,64513,0,0.272630304,0.516127287,5000000,7,Medium
105,AndroZip‚Ñ¢ FREE File Manager,PRODUCTIVITY,Productivity,Everyone,4.2,277794,0,0.117323385,0.390171967,10000000,8,Medium
106,"Android Auto - Maps, Media, Messaging & Voice",AUTO_AND_VEHICLES,Auto & Vehicles,Teen,4.2,271920,0,0.287792304,0.544743496,10000000,8,Medium
107,Android Messages,COMMUNICATION,Communication,Everyone,4.2,781810,0,0.071675938,0.51321602,100000000,9,High
108,Anger of stick 5 : zombie,GAME,Action,Teen,4.5,547644,0,0.119444444,0.502777778,50000000,8,Medium
109,Angry Birds 2,FAMILY,Casual,Everyone,4.6,3881752,0,0.0022822,0.496239436,100000000,9,High
110,Angry Birds Classic,GAME,Arcade,Everyone,4.4,5565856,0,-0.007537395,0.534886266,100000000,9,High
111,Angry Birds Rio,GAME,Arcade,Everyone,4.4,2610328,0,-0.038924252,0.471520107,100000000,9,High
112,Animal Planet GO,ENTERTAINMENT,Entertainment,Teen,4.2,2442,0,0.273571429,0.453736772,100000,6,Low
113,Animated Photo Editor,ART_AND_DESIGN,Art & Design,Everyone,4.1,203,0,0.291857143,0.546365079,100000,6,Low
114,Anime Avatar Creator: Make Your Own Avatar,LIFESTYLE,Lifestyle,Everyone,4.2,10944,0,0.202157715,0.593198291,1000000,7,Medium
115,Anime Manga Coloring Book,ART_AND_DESIGN,Art & Design,Everyone,4.5,5035,0,0.360990767,0.507118056,100000,6,Low
116,Anthem Anywhere,MEDICAL,Medical,Everyone,2.7,2657,0,-0.087977314,0.385036022,500000,6,Low
117,Anthem BC Anywhere,MEDICAL,Medical,Everyone,2.6,496,0,-0.123233487,0.367895545,100000,6,Low
118,"Any.do: To-do list, Calendar, Reminders & Planner",PRODUCTIVITY,Productivity,Everyone,4.5,298854,0,0.216037637,0.450042953,10000000,8,Medium
119,Apartment Decorating Ideas,HOUSE_AND_HOME,House & Home,Everyone,3.9,1478,0,0.245,0.2,100000,6,Low
120,"Apartment List: Housing, Apt, and Property Rentals",HOUSE_AND_HOME,House & Home,Everyone,4.5,8481,0,0.466422872,0.580965515,1000000,7,Medium
121,"Apartment, Home Rental Search: Realtor.com Rentals",HOUSE_AND_HOME,House & Home,Everyone,3.9,10117,0,-0.0037329,0.483271861,1000000,7,Medium
122,Apartments & Rentals - Zillow,HOUSE_AND_HOME,House & Home,Everyone,4.2,27387,0,0.292991686,0.462912321,1000000,7,Medium
123,Apartments.com Rental Search,HOUSE_AND_HOME,House & Home,Everyone,4.3,22584,0,0.072403055,0.412908484,1000000,7,Medium
124,Apex Launcher,PERSONALIZATION,Personalization,Everyone,4.3,266434,0,0.106132749,0.468167088,10000000,8,Medium
125,Apk Installer,LIBRARIES_AND_DEMO,Libraries & Demo,Everyone,3.8,7750,0,0.193916947,0.488203463,1000000,7,Medium
126,App vault,TOOLS,Tools,Everyone,3.4,25094,0,-0.043535058,0.47616342,10000000,8,Medium
127,AppLock,TOOLS,Tools,Everyone,4.4,4931562,0,0.01623335,0.499941447,100000000,9,High
128,AppLock - Fingerprint,TOOLS,Tools,Everyone,4.4,745245,0,0.209939514,0.564325033,10000000,8,Medium
129,Archos File Manager,PRODUCTIVITY,Productivity,Everyone,4,2131,0,0.115295815,0.486348974,5000000,7,Medium
130,Arrow.io,GAME,Action,Everyone 10+,4.5,343263,0,0.080738174,0.456643693,10000000,8,Medium
131,Asana: organize team projects,BUSINESS,Business,Everyone,4.3,20815,0,0.230645463,0.52276724,1000000,7,Medium
132,Ascape VR: 360¬∞ Virtual Travel,TRAVEL_AND_LOCAL,Travel & Local;Action & Adventure,Everyone,4.1,890,0,0.150964506,0.500694444,100000,6,Low
133,Asphalt 8: Airborne,GAME,Racing,Teen,4.5,8389714,0,0.004450411,0.51354389,100000000,9,High
134,Associated Credit Union Mobile,FINANCE,Finance,Everyone,4.7,3290,0,0.388092829,0.559534864,50000,5,Low
135,Asteroids 3D live wallpaper,PERSONALIZATION,Personalization,Everyone,4.1,157495,0,0.253524397,0.482317361,10000000,8,Medium
136,Atlan3D Navigation: Korea navigator,MAPS_AND_NAVIGATION,Maps & Navigation,Everyone,4.2,22063,0,0.278184198,0.398016149,1000000,7,Medium
137,AutoCAD - DWG Viewer & Editor,PRODUCTIVITY,Productivity,Everyone,4.2,145088,0,0.119601195,0.487214431,10000000,8,Medium
138,AutoScout24 Switzerland ‚Äì Find your new car,AUTO_AND_VEHICLES,Auto & Vehicles,Everyone,4.6,13372,0,0.416951416,0.558365508,1000000,7,Medium
139,Avakin Life - 3D virtual world,FAMILY,Role Playing,Teen,4.4,1275373,0,0.080859166,0.505326207,10000000,8,Medium
140,Aviary Effects: Classic,LIBRARIES_AND_DEMO,Libraries & Demo,Everyone,3.8,67007,0,0.106241194,0.53807915,5000000,7,Medium
141,Aviary Stickers: Free Pack,LIBRARIES_AND_DEMO,Libraries & Demo,Everyone,3.5,126862,0,0.065828553,0.672514047,10000000,8,Medium
142,Azar,COMMUNICATION,Communication,Mature 17+,4.2,1092337,0,0.068403809,0.48170582,50000000,8,Medium
143,Azpen eReader,BOOKS_AND_REFERENCE,Books & Reference,Everyone,3.5,156,0,0.242624224,0.597325742,500000,6,Low
144,B612 - Beauty & Filter Camera,PHOTOGRAPHY,Photography,Everyone,4.4,5276983,0,0.081782128,0.527585227,100000000,9,High
145,BBC Media Player,ENTERTAINMENT,Entertainment,Everyone,3.4,87384,0,-0.028519834,0.43761078,10000000,8,Medium
146,BBC News,NEWS_AND_MAGAZINES,News & Magazines,Everyone 10+,4.3,296781,0,0.096999044,0.3889242,10000000,8,Medium
147,BBC Sport,SPORTS,Sports,Everyone,4.2,18679,0,0.166576553,0.42346729,1000000,7,Medium
148,BBM - Free Calls & Messages,COMMUNICATION,Communication,Everyone,4.3,12843436,0,0.154423252,0.461890452,100000000,9,High
149,BBVA Compass Banking,FINANCE,Finance,Everyone,4.3,5905,0,0.205590224,0.482443311,500000,6,Low
150,BBVA Spain,FINANCE,Finance,Everyone,4.2,36746,0,0.515085706,0.594631625,5000000,7,Medium
151,BBW Dating & Curvy Singles Chat- LargeFriends,DATING,Dating,Mature 17+,4.4,218,0,0.18276633,0.457420924,10000,5,Low
152,BBW Dating & Plus Size Chat,DATING,Dating,Mature 17+,4.4,12633,0,0.131246685,0.491016755,1000000,7,Medium
153,BBWCupid - BBW Dating App,DATING,Dating,Mature 17+,3.5,241,0,0.126911733,0.471692844,50000,5,Low
154,BELONG Beating Cancer Together,MEDICAL,Medical,Teen,4.7,623,0,0.350582873,0.414163463,50000,5,Low
155,BEST CAR SOUNDS,AUTO_AND_VEHICLES,Auto & Vehicles,Everyone,4.3,348,0,0.307698608,0.528289653,100000,6,Low
156,BET NOW - Watch Shows,ENTERTAINMENT,Entertainment,Teen,4.2,14807,0,0.051088076,0.408129058,1000000,7,Medium
157,BEYBLADE BURST app,GAME,Action;Action & Adventure,Everyone,4.5,216849,0,-0.013927396,0.469050336,10000000,8,Medium
158,BIG Launcher,PERSONALIZATION,Personalization,Everyone,4.3,881,9.99,0.184986503,0.410125195,10000,5,Low
159,BLK - Swipe. Match. Chat.,DATING,Dating,Mature 17+,4.1,2067,0,0.307677635,0.551939991,100000,6,Low
160,BZWBK24 mobile,FINANCE,Finance,Everyone,4.5,64983,0,0.326882552,0.554781056,1000000,7,Medium
161,Babbel ‚Äì Learn Languages,FAMILY,Education,Everyone,4.3,267787,0,0.391636153,0.498397676,10000000,8,Medium
162,Babbel ‚Äì Learn Spanish,EDUCATION,Education,Everyone,4.4,54798,0,0.309364073,0.544709203,1000000,7,Medium
163,Baby ABC in box! Kids alphabet games for toddlers!,FAMILY,Educational;Education,Everyone,4.6,9652,0,0.285775126,0.494719102,1000000,7,Medium
164,Baby Monitor,PARENTING,Parenting,Everyone,4.4,5343,0,0.274223073,0.492135488,1000000,7,Medium
165,Baby Name Together,PARENTING,Parenting,Everyone,4,464,0,0.285985628,0.495269734,100000,6,Low
166,Baby Panda Care,FAMILY,Educational;Pretend Play,Everyone,4.2,108795,0,0.172018939,0.540424242,10000000,8,Medium
167,Baby Panda Learns Shapes,PARENTING,Parenting;Education,Everyone,4,3789,0,0.247537001,0.357194337,1000000,7,Medium
168,Baby Panda Musical Genius,PARENTING,Parenting;Music & Video,Everyone,4,3346,0,0.227760252,0.486961994,1000000,7,Medium
169,Baby Panda‚Äôs Juice Shop,FAMILY,Educational;Brain Games,Everyone,4.5,19230,0,0.108333333,0.491666667,5000000,7,Medium
170,Baby Tiger Care - My Cute Virtual Pet Friend,FAMILY,Educational;Education,Everyone 10+,4.5,432,0,0.195185185,0.362962963,100000,6,Low
171,Baby puzzles,FAMILY,Educational;Education,Everyone,4.3,11950,0,0.079499843,0.507254101,5000000,7,Medium
172,Backgrounds (HD Wallpapers),PERSONALIZATION,Personalization,Teen,4.7,202474,0,0.264431758,0.599070847,10000000,8,Medium
173,Backgrounds HD (Wallpapers),PERSONALIZATION,Personalization,Teen,4.6,2390099,0,0.353875902,0.520948773,100000000,9,High
174,BaconReader for Reddit,NEWS_AND_MAGAZINES,News & Magazines,Mature 17+,4.5,103074,0,0.228086323,0.470078081,1000000,7,Medium
175,Bad Piggies,FAMILY,Puzzle,Everyone,4.3,1168959,0,0.00794066,0.538949241,50000000,8,Medium
176,Badoo - Free Chat & Dating App,SOCIAL,Social,Mature 17+,4.3,3781467,0,0.128489177,0.416102769,100000000,9,High
177,Banfield Pet Health Tracker,MEDICAL,Medical,Everyone,4.2,1747,0,0.082540514,0.495240398,100000,6,Low
178,Banjo,SOCIAL,Social,Everyone,4.2,58341,0,0.230850212,0.464121573,1000000,7,Medium
179,Bank of America Mobile Banking,FINANCE,Finance,Everyone,4.4,341090,0,0.180026829,0.485003865,10000000,8,Medium
180,BankMobile Vibe App,FINANCE,Finance,Everyone,4.3,14627,0,0.353454577,0.564609919,1000000,7,Medium
181,Banorte Movil,FINANCE,Finance,Everyone,4.1,111632,0,0.116998668,0.567311952,1000000,7,Medium
182,Barbie Life‚Ñ¢,FAMILY,Casual;Pretend Play,Everyone,3.9,133117,0,0.162612972,0.393347953,5000000,7,Medium
183,Barbie Magical Fashion,FAMILY,Casual;Creativity,Everyone,4,328619,0,0.084732765,0.578208385,10000000,8,Medium
184,Barbie‚Ñ¢ Fashion Closet,FAMILY,Casual;Creativity,Everyone,4.1,68286,0,0.048600289,0.476493506,10000000,8,Medium
185,Barclays US for Android,FINANCE,Finance,Everyone,4.1,6998,0,0.017928004,0.412554188,1000000,7,Medium
186,Barcode Scanner,LIBRARIES_AND_DEMO,Libraries & Demo,Everyone,4.2,3945,0,0.386270134,0.483582056,500000,6,Low
187,Baritastic - Bariatric Tracker,MEDICAL,Medical,Everyone,4.7,4318,0,0.418276737,0.571031493,100000,6,Low
188,Baseball Boy!,GAME,Arcade,Everyone,3.4,148177,0,0.012272397,0.474480211,10000000,8,Medium
189,Basketball FRVR - Shoot the Hoop and Slam Dunk!,FAMILY,Sports;Action & Adventure,Everyone,4.5,4076,0,0.102464286,0.460027211,100000,6,Low
190,Basketball Stars,SPORTS,Sports,Everyone,4.4,867920,0,0.013905113,0.487126276,10000000,8,Medium
191,Bathroom Decorating Ideas,HOUSE_AND_HOME,House & Home,Everyone,4.1,2427,0,0.362675781,0.511545455,500000,6,Low
192,Battlelands Royale,GAME,Action,Everyone 10+,4.4,105620,0,0.040406195,0.514211947,1000000,7,Medium
193,Be A Legend: Soccer,SPORTS,Sports,Everyone,3.8,85763,0,-0.0992506,0.474397282,1000000,7,Medium
194,BeSoccer - Soccer Live Score,SPORTS,Sports,Everyone,4.5,152780,0,0.356768478,0.40465388,10000000,8,Medium
195,BeWild Free Dating & Chat App,DATING,Dating,Mature 17+,3.4,1999,0,0.170372213,0.518070497,100000,6,Low
196,Beautiful Design Birthday Cake,LIFESTYLE,Lifestyle,Everyone,4.3,665,0,0.27030754,0.519702381,500000,6,Low
197,Beautiful Widgets Free,PERSONALIZATION,Personalization,Everyone,3.9,25035,0,0.013460701,0.522292403,1000000,7,Medium
198,Beautiful Widgets Pro,PERSONALIZATION,Personalization,Everyone,4.2,97890,2.49,0.179418371,0.501691097,1000000,7,Medium
199,Beauty Camera - Selfie Camera,BEAUTY,Beauty,Everyone,4,113715,0,0.199993662,0.450820106,10000000,8,Medium
200,Beauty Makeup Snappy Collage Photo Editor - Lidow,PHOTOGRAPHY,Photography,Everyone,4.5,420973,0,0.153214286,0.476904762,10000000,8,Medium
201,BeautyPlus - Easy Photo Editor & Selfie Camera,PHOTOGRAPHY,Photography,Everyone,4.4,3156484,0,0.3,0.3,100000000,9,High
202,Bed Time Fan - White Noise Sleep Sounds,LIFESTYLE,Lifestyle,Everyone,4.5,10097,0,0.78125,0.6,500000,6,Low
203,Best Car Wallpapers,AUTO_AND_VEHICLES,Auto & Vehicles,Everyone,4.5,994,0,-0.133333333,0.488888889,100000,6,Low
204,Best Fiends - Free Puzzle Game,GAME,Casual,Everyone,4.6,1480182,0,0.325,0.5375,10000000,8,Medium
205,Best Ovulation Tracker Fertility Calendar App Glow,HEALTH_AND_FITNESS,Health & Fitness,Everyone,4.6,56145,0,0.5953125,0.541666667,1000000,7,Medium
206,"Best Wallpapers Backgrounds(100,000+ 4K HD)",COMICS,Comics,Teen,4.7,3596,0,0.300429293,0.389949495,10000,5,Low
207,Best Wallpapers QHD,PERSONALIZATION,Personalization,Teen,4.4,294701,0,0.472251446,0.618440136,10000000,8,Medium
208,"BestCam Selfie-selfie, beauty camera, photo editor",BEAUTY,Beauty,Everyone,3.9,1739,0,-0.03798581,0.42162017,500000,6,Low
209,BetterMe: Weight Loss Workouts,HEALTH_AND_FITNESS,Health & Fitness,Everyone,4.2,14709,0,0.292275323,0.498255716,5000000,7,Medium
210,Betterment,FINANCE,Finance,Everyone,4.4,3780,0,0.143252198,0.51054523,100000,6,Low
211,BeyondMenu Food Delivery,FOOD_AND_DRINK,Food & Drink,Everyone,4.7,51543,0,0.40874269,0.617680312,1000000,7,Medium
212,BeyondPod Podcast Manager,NEWS_AND_MAGAZINES,News & Magazines,Everyone,3.9,32121,0,0.112458265,0.545718237,1000000,7,Medium
213,Bible,BOOKS_AND_REFERENCE,Books & Reference,Teen,4.7,2440695,0,0.363495437,0.533625247,100000000,9,High
214,Big Days - Events Countdown,LIFESTYLE,Lifestyle,Everyone,4.6,39724,0,0.285413727,0.499627058,1000000,7,Medium
215,"BigOven Recipes, Meal Planner, Grocery List & More",FOOD_AND_DRINK,Food & Drink,Teen,4.3,31986,0,0.328222403,0.499782141,1000000,7,Medium
216,"BiggerCity: Chat for gay bears, chubs & chasers",DATING,Dating,Mature 17+,4.1,923,0,0.211675464,0.578157596,100000,6,Low
217,Bike Computer - GPS Cycling Tracker,HEALTH_AND_FITNESS,Health & Fitness,Everyone,4.4,12029,0,0.281978404,0.476914428,1000000,7,Medium
218,Binaural Beats Meditation,LIBRARIES_AND_DEMO,Libraries & Demo,Everyone,4.3,411,0,0.353518105,0.564320188,50000,5,Low
219,Binaural Beats Therapy,HEALTH_AND_FITNESS,Health & Fitness,Everyone,4.3,13724,0,0.283268753,0.458734314,1000000,7,Medium
220,BioLife Plasma Services,MEDICAL,Medical,Everyone,3.5,250,0,0.154806166,0.45770385,100000,6,Low
221,Birds Sounds Ringtones & Wallpapers,PERSONALIZATION,Personalization,Everyone 10+,4.6,5073,0,0.341557018,0.404868421,1000000,7,Medium
222,Black People Meet Singles Date,DATING,Dating,Mature 17+,3.9,10212,0,0.249341259,0.505345231,1000000,7,Medium
223,Block Puzzle,GAME,Puzzle,Everyone,4.6,59907,0,0.035221354,0.536787113,5000000,7,Medium
224,Block Puzzle Classic Legend !,GAME,Puzzle,Everyone,4.2,17044,0,0.150906987,0.536059554,5000000,7,Medium
225,Blogaway for Android (Blogger),SOCIAL,Social,Teen,3.7,4253,0,0.197254489,0.359066258,100000,6,Low
226,Blogger,SOCIAL,Social,Mature 17+,3.7,138026,0,0.125125807,0.52005508,5000000,7,Medium
227,Bloglovin',SOCIAL,Social,Everyone,3.9,8936,0,0.133952509,0.469378492,500000,6,Low
228,Blood Donor,MEDICAL,Medical,Everyone,4.2,4476,0,0.205221449,0.364182148,500000,6,Low
230,Blood Pressure Log - MyDiary,MEDICAL,Medical,Everyone,4.7,8347,0,0.325054912,0.591401825,500000,6,Low
231,Blood Pressure(BP) Diary,MEDICAL,Medical,Everyone,3.7,3596,0,0.087683254,0.355830704,1000000,7,Medium
232,Bloomberg Professional,FINANCE,Finance,Everyone,4.1,3334,0,-0.023352724,0.363243461,500000,6,Low
233,Bloomberg: Market & Financial News,NEWS_AND_MAGAZINES,News & Magazines,Everyone,4.2,61692,0,0.054705447,0.337965909,10000000,8,Medium
234,Blossom Blast Saga,GAME,Casual,Everyone,4.5,1125438,0,0.005714461,0.513802184,10000000,8,Medium
235,BluTV,VIDEO_PLAYERS,Video Players & Editors,Teen,3.9,28835,0,0.280280736,0.421422294,1000000,7,Medium
236,Blur Image Background,PHOTOGRAPHY,Photography,Everyone,3.9,129268,0,0.372717803,0.643939394,10000000,8,Medium
237,Blur Image Background Editor (Blur Photo Editor),PHOTOGRAPHY,Photography,Everyone,4.4,62421,0,0.233109946,0.530530303,5000000,7,Medium
238,Booking.com Travel Deals,TRAVEL_AND_LOCAL,Travel & Local,Everyone,4.7,1830387,0,0.014176835,0.400932158,100000000,9,High
239,Bowmasters,GAME,Action,Teen,4.7,1535581,0,0.061415449,0.500548349,50000000,8,Medium
240,Box,BUSINESS,Business,Everyone,4.2,159872,0,0.410000509,0.435086488,10000000,8,Medium
241,Boxed Wholesale,SHOPPING,Shopping,Everyone,3.8,6380,0,0.2870085,0.485746107,1000000,7,Medium
242,Boys Photo Editor - Six Pack & Men's Suit,ART_AND_DESIGN,Art & Design,Everyone,4.1,654,0,0.283508772,0.479298246,100000,6,Low
243,Brain Waves - Binaural Beats,HEALTH_AND_FITNESS,Health & Fitness,Everyone,4.4,5038,0,0.221731489,0.544346892,500000,6,Low
244,Branch,FINANCE,Finance,Everyone,4.6,69973,0,0.264229798,0.444645534,1000000,7,Medium
245,"Breaking News, Local news, Attacks and Alerts Free",NEWS_AND_MAGAZINES,News & Magazines,Everyone,4.7,2543,0,0.217045994,0.377135193,500000,6,Low
246,Brightest Flashlight Free ¬Æ,TOOLS,Tools,Everyone,4.7,1335799,0,0.492571429,0.522452381,50000000,8,Medium
247,Brightest LED Flashlight,TOOLS,Tools,Everyone,4.5,60571,0,0.374198909,0.622881944,5000000,7,Medium
248,Brilliant,EDUCATION,Education,Everyone,4.5,41185,0,0.241654833,0.490850353,1000000,7,Medium
249,Brit + Co,LIFESTYLE,Lifestyle,Everyone,3.9,987,0,0.123124662,0.518917523,10000,5,Low
250,British Airways,TRAVEL_AND_LOCAL,Travel & Local,Everyone,4.2,25726,0,0.205106164,0.399154813,1000000,7,Medium
251,Browser 4G,COMMUNICATION,Communication,Everyone,4.3,192948,0,0.337083612,0.442903298,10000000,8,Medium
252,Bualuang mBanking,FINANCE,Finance,Everyone,4,48445,0,0.004322019,0.348247054,5000000,7,Medium
253,Bubble Shooter,GAME,Arcade,Everyone,4.5,43576,0,0.25367636,0.515659593,5000000,7,Medium
254,Bubble Shooter 2,GAME,Arcade,Everyone,4.3,23043,0,0.284848485,0.523484848,5000000,7,Medium
255,Bubble Shooter Genies,GAME,Casual,Everyone,4.5,26985,0,0.047988456,0.529732684,5000000,7,Medium
256,Bubble Shooter Space,GAME,Casual,Everyone,4.2,4355,0,0.184930556,0.497430556,1000000,7,Medium
257,Bubble Witch 3 Saga,GAME,Puzzle,Everyone,4.7,1732263,0,0.065384678,0.53791821,50000000,8,Medium
258,Build a Bridge!,FAMILY,Puzzle,Everyone,4.6,263454,0,0.08835631,0.513279592,10000000,8,Medium
259,Burner - Free Phone Number,COMMUNICATION,Communication,Everyone,4.3,14873,0,0.065300926,0.636111111,1000000,7,Medium
260,Business Calendar 2,PRODUCTIVITY,Productivity,Everyone,4.6,102594,0,0.201141113,0.469385755,5000000,7,Medium
261,Butterfly Live Wallpaper,PERSONALIZATION,Personalization,Everyone,4.1,35771,0,0.390275974,0.503655303,5000000,7,Medium
262,Buzz Launcher-Smart&Free Theme,PERSONALIZATION,Personalization,Everyone,4.4,251616,0,0.201344844,0.577622569,10000000,8,Medium
263,"BuzzFeed: News, Tasty, Quizzes",NEWS_AND_MAGAZINES,News & Magazines,Teen,4.3,131028,0,0.199296334,0.474987145,5000000,7,Medium
264,C Programming,FAMILY,Education,Everyone,4.3,22248,0,0.276800067,0.541011544,1000000,7,Medium
265,C++ Programming,EDUCATION,Education,Everyone,4.3,11904,0,0.196451049,0.553444957,1000000,7,Medium
266,C++ Tutorials,EDUCATION,Education,Everyone,4.1,358,0,0.530925926,0.566743827,50000,5,Low
267,CALCU‚Ñ¢ Stylish Calculator Free,TOOLS,Tools,Everyone,4.7,152692,0,0.352598162,0.453467001,5000000,7,Medium
268,CATS: Crash Arena Turbo Stars,GAME,Action,Everyone,4.7,1559650,0,0.028953155,0.500371594,50000000,8,Medium
269,CBS News,NEWS_AND_MAGAZINES,News & Magazines,Everyone 10+,4.3,23641,0,0,0,1000000,7,Medium
270,"CBS Sports App - Scores, News, Stats & Watch Live",SPORTS,Sports,Everyone,4.3,91035,0,0.163907086,0.512472473,5000000,7,Medium
271,CBS Sports Fantasy,SPORTS,Sports,Everyone,4,43611,0,0.248502364,0.488624758,1000000,7,Medium
272,CDL Practice Test 2018 Edition,AUTO_AND_VEHICLES,Auto & Vehicles,Everyone,4.9,7774,0,0.241125992,0.477825176,100000,6,Low
273,CIA - Caller ID & Call Blocker,COMMUNICATION,Communication,Everyone,4,60308,0,0.217814626,0.429829932,5000000,7,Medium
274,"CM Browser - Ad Blocker , Fast Download , Privacy",COMMUNICATION,Communication,Everyone,4.6,2265084,0,0.0125,0.6875,50000000,8,Medium
275,"CM Flashlight (Compass, SOS)",TOOLS,Tools,Everyone,4.4,166363,0,0.55625,0.594642857,5000000,7,Medium
276,"CM Launcher 3D - Theme, Wallpapers, Efficient",PERSONALIZATION,Personalization,Teen,4.6,6700847,0,0.282478956,0.591111111,100000000,9,High
277,CM Locker - Security Lockscreen,TOOLS,Tools,Everyone,4.6,3090680,0,0.240054523,0.480303944,100000000,9,High
278,CMB Free Dating App,DATING,Dating,Mature 17+,4,48845,0,0.29175712,0.542165412,1000000,7,Medium
279,CNBC: Breaking Business News & Live Market Data,FINANCE,Finance,Everyone,4.2,24666,0,0.247703764,0.473967884,1000000,7,Medium
280,CNN Breaking US & World News,NEWS_AND_MAGAZINES,News & Magazines,Everyone 10+,4,293080,0,0.057347889,0.508174471,10000000,8,Medium
281,COOKING MAMA Let's Cook!,FAMILY,Educational;Pretend Play,Everyone,4.3,528917,0,0.218922087,0.505889111,10000000,8,Medium
282,CVS Caremark,MEDICAL,Medical,Everyone,3.5,3707,0,0.191908023,0.429123334,500000,6,Low
283,CW Seed,FAMILY,Entertainment,Teen,4.5,16391,0,0.305569334,0.517700985,500000,6,Low
284,CWT To Go,TRAVEL_AND_LOCAL,Travel & Local,Everyone,4.4,20313,0,0.286751253,0.53183584,100000,6,Low
285,Cache Cleaner-DU Speed Booster (booster & cleaner),TOOLS,Tools,Everyone,4.5,12759815,0,0.278521097,0.45707709,100000000,9,High
286,"Calculator - free calculator, multi calculator app",TOOLS,Tools,Everyone,4.6,25592,0,-0.0375,0.154166667,10000000,8,Medium
287,Calculator - unit converter,PRODUCTIVITY,Productivity,Everyone,4.7,287250,0,0.183333333,0.533333333,50000000,8,Medium
288,Calculator Plus Free,TOOLS,Tools,Everyone,4.6,679912,0,0.166666667,0.630714286,10000000,8,Medium
289,Calculator with Percent (Free),TOOLS,Tools,Everyone,4.8,48211,0,0.031972789,0.563860544,1000000,7,Medium
290,Calendar Widget Month + Agenda,PRODUCTIVITY,Productivity,Everyone,4.2,60840,0,0.15,0.25,5000000,7,Medium
291,Calendar+ Schedule Planner App,PRODUCTIVITY,Productivity,Everyone,4,8985,0,0.319070513,0.46974359,1000000,7,Medium
292,Call Blocker,COMMUNICATION,Communication,Everyone,4.1,17529,0,0.027972583,0.655431097,1000000,7,Medium
293,Call Control - Call Blocker,COMMUNICATION,Communication,Everyone,4.4,93825,0,-0.041666667,0.291666667,5000000,7,Medium
294,Call of Duty:Black Ops Zombies,GAME,Action,Teen,4.2,13004,6.99,-0.162119502,0.442716049,100000,6,Low
295,"CallApp: Caller ID, Blocker & Phone Call Recorder",COMMUNICATION,Communication,Everyone,4.4,483782,0,0.390740741,0.506481481,10000000,8,Medium
296,Caller ID +,COMMUNICATION,Communication,Everyone,4,9498,0,0.35,0.6,1000000,7,Medium
297,Calls & Text by Mo+,COMMUNICATION,Communication,Everyone,4.2,83239,0,0.466666667,0.545833333,5000000,7,Medium
298,Calls Blacklist - Call Blocker,COMMUNICATION,Communication,Everyone,4.5,457283,0,0.124162338,0.615191919,10000000,8,Medium
299,"Calm - Meditate, Sleep, Relax",HEALTH_AND_FITNESS,Health & Fitness,Everyone,4.6,111455,0,0.289524201,0.523327482,5000000,7,Medium
300,Calorie Counter & Diet Tracker,HEALTH_AND_FITNESS,Health & Fitness,Everyone,4.5,32606,0,0.229177692,0.504934711,1000000,7,Medium
301,Calorie Counter - EasyFit free,HEALTH_AND_FITNESS,Health & Fitness,Everyone,4.7,50294,0,0.348028718,0.53698351,1000000,7,Medium
302,Calorie Counter - Macros,HEALTH_AND_FITNESS,Health & Fitness,Everyone,4,3061,0,0.247518682,0.512675395,100000,6,Low
303,Calorie Counter - MyFitnessPal,HEALTH_AND_FITNESS,Health & Fitness,Everyone,4.6,1873520,0,0.215673515,0.472952099,50000000,8,Medium
304,Calorie Counter - MyNetDiary,HEALTH_AND_FITNESS,Health & Fitness,Everyone,4.5,27439,0,0.375841996,0.559966601,1000000,7,Medium
305,Cameringo Lite. Filters Camera,PHOTOGRAPHY,Photography,Everyone,4.2,140917,0,0.770269097,0.533333333,10000000,8,Medium
306,Candy Bomb,FAMILY,Casual;Brain Games,Everyone,4.4,42145,0,0.327403199,0.606239478,10000000,8,Medium
307,"Candy Camera - selfie, beauty camera, photo editor",PHOTOGRAPHY,Photography,Everyone,4.4,3368705,0,0.19527792,0.543015303,100000000,9,High
308,Candy Crush Jelly Saga,GAME,Puzzle,Everyone,4.3,1300619,0,-0.092334358,0.481124566,50000000,8,Medium
309,Candy Crush Saga,FAMILY,Casual,Everyone,4.4,22419455,0,0.031067865,0.456292791,500000000,9,High
310,Candy Crush Soda Saga,GAME,Casual,Everyone,4.4,6199095,0,-0.057079366,0.481329989,100000000,9,High
311,Candy Day,FAMILY,Casual;Brain Games,Everyone,4.5,11716,0,0.192464364,0.473918129,1000000,7,Medium
312,Candy Pop Story,FAMILY,Casual;Brain Games,Everyone,4.7,12948,0,0.042415148,0.478711806,1000000,7,Medium
313,Candy Smash,FAMILY,Casual;Brain Games,Everyone,4.5,11436,0,0.157267361,0.516211806,1000000,7,Medium
314,"Candy selfie - photo editor, live filter camera",PHOTOGRAPHY,Photography,Everyone,4.4,53421,0,0.372797619,0.480315657,10000000,8,Medium
315,"Canva: Poster, banner, card maker & graphic design",ART_AND_DESIGN,Art & Design,Everyone,4.7,174531,0,0.204839569,0.536000982,10000000,8,Medium
316,Canvas Student,EDUCATION,Education,Everyone,4.5,42828,0,0.125,0.3875,1000000,7,Medium
317,Cat Sim Online: Play with Cats,FAMILY,Simulation,Everyone 10+,4.6,137198,0,0.180896093,0.525186983,5000000,7,Medium
318,Caviar - Food Delivery,FOOD_AND_DRINK,Food & Drink,Everyone,4.2,3755,0,0.217374781,0.513736264,100000,6,Low
319,Chakra Cleansing,LIBRARIES_AND_DEMO,Libraries & Demo,Everyone,4.6,539,0,0.424735187,0.572340639,50000,5,Low
320,Championat,SPORTS,Sports,Everyone,4.3,36490,0,0.198448064,0.36736778,1000000,7,Medium
321,Chapters: Interactive Stories,GAME,Role Playing,Mature 17+,4.5,73539,0,0.149045066,0.503279572,1000000,7,Medium
322,Chase Mobile,FINANCE,Finance,Everyone,4.6,1374549,0,0.048165997,0.488717626,10000000,8,Medium
323,"Chat Rooms, Avatars, Date - Galaxy",DATING,Dating,Mature 17+,4.3,135420,0,0.138052486,0.421064418,10000000,8,Medium
324,ChatVideo Meet new people,DATING,Dating,Mature 17+,4.2,63986,0,0.231919826,0.393007634,5000000,7,Medium
325,Cheap Flights & Hotels momondo,TRAVEL_AND_LOCAL,Travel & Local,Everyone,4.2,42546,0,0.183775576,0.465492281,5000000,7,Medium
326,Cheap hotel deals and discounts ‚Äî Hotellook,TRAVEL_AND_LOCAL,Travel & Local,Everyone,4.5,7153,0,0.256417379,0.487008547,1000000,7,Medium
327,"CheapTickets ‚Äì Hotels, Flights & Travel Deals",TRAVEL_AND_LOCAL,Travel & Local,Everyone,4.4,6925,0,0.294198942,0.588537347,1000000,7,Medium
328,Cheapflights ‚Äì Flight Search,TRAVEL_AND_LOCAL,Travel & Local,Everyone,4.4,47777,0,0.421912393,0.585934066,5000000,7,Medium
329,CheckPoints üèÜ Rewards App,SHOPPING,Shopping,Everyone,4.1,23187,0,0.276380163,0.518422799,1000000,7,Medium
330,Checkers ‚úîÔ∏è,FAMILY,Board;Brain Games,Everyone,4.1,3617,0,0.064834681,0.440567581,1000000,7,Medium
331,Checkout 51: Grocery coupons,SHOPPING,Shopping,Everyone,4.1,52896,0,0.130486146,0.395183196,10000000,8,Medium
332,Choice Hotels,TRAVEL_AND_LOCAL,Travel & Local,Everyone,4.4,17915,0,0.298789683,0.719206349,1000000,7,Medium
333,Choices: Stories You Play,FAMILY,Simulation,Teen,4.6,807155,0,0.033678402,0.526328374,10000000,8,Medium
334,Christian Dating For Free App,DATING,Dating,Mature 17+,3.9,8723,0,0.098026033,0.478660183,500000,6,Low
335,Chrome Beta,PRODUCTIVITY,Productivity,Everyone,4.4,228755,0,0.231625172,0.37788162,10000000,8,Medium
336,Chrome Dev,COMMUNICATION,Communication,Everyone,4.4,63576,0,0.333793361,0.520778945,5000000,7,Medium
337,Cinemark Theatres,ENTERTAINMENT,Entertainment,Teen,4.1,21867,0,0.070155407,0.403097703,1000000,7,Medium
338,Cisco Webex Meetings,BUSINESS,Business,Everyone,4.4,108741,0,0.103577025,0.462384853,10000000,8,Medium
339,Cisco Webex Teams,BUSINESS,Business,Everyone,4.2,1661,0,0.129418125,0.459779882,100000,6,Low
340,Citi Mobile¬Æ,FINANCE,Finance,Everyone,4,78306,0,-0.038730655,0.498498264,5000000,7,Medium
341,Citibanamex Movil,FINANCE,Finance,Everyone,3.6,52306,0,0.150061448,0.508135975,5000000,7,Medium
342,Citizens Bank Mobile Banking,FINANCE,Finance,Everyone,4.1,15192,0,0.013179055,0.493934513,1000000,7,Medium
343,CityMaps2Go Plan Trips Travel Guide Offline Maps,TRAVEL_AND_LOCAL,Travel & Local,Everyone,4.3,64713,0,0.317095779,0.521365215,1000000,7,Medium
344,Clash Royale,FAMILY,Strategy,Everyone 10+,4.6,23125280,0,0.069157109,0.489235951,100000000,9,High
345,Clash of Clans,FAMILY,Strategy,Everyone 10+,4.6,44881447,0,0.036755682,0.533956265,100000000,9,High
346,Color Flashlight,TOOLS,Tools,Everyone,4.2,472904,0,0.175833333,0.526489899,50000000,8,Medium
347,Color Road,GAME,Arcade,Everyone,4.1,84911,0,-0.059356757,0.454017257,10000000,8,Medium
348,Color Touch Effects,PHOTOGRAPHY,Photography,Everyone,3.8,167652,0,0.115720421,0.445709586,10000000,8,Medium
349,Color by Number - Draw Sandbox Pixel Art,FAMILY,Entertainment,Everyone,4.6,10247,0,0.139556355,0.471361539,1000000,7,Medium
350,Color by Number ‚Äì New Coloring Book,GAME,Board,Everyone 10+,4.7,142308,0,0.168856336,0.540229453,5000000,7,Medium
351,ColorNote Notepad Notes,PRODUCTIVITY,Productivity,Everyone,4.6,2401017,0,0.275654565,0.511172057,100000000,9,High
352,ColorSnap¬Æ Visualizer,HOUSE_AND_HOME,House & Home,Everyone,3.4,3280,0,0.024391026,0.349992877,1000000,7,Medium
353,Colorfit - Drawing & Coloring,ART_AND_DESIGN,Art & Design;Creativity,Everyone,4.7,20260,0,0.171835953,0.572762018,500000,6,Low
354,Colorful Glitter Neon Butterfly Keyboard Theme,PERSONALIZATION,Personalization,Everyone,4.3,2056,0,0.20640625,0.58250744,500000,6,Low
355,Colorfy: Coloring Book for Adults - Free,FAMILY,Entertainment,Everyone,4.5,787107,0,0.046784879,0.604247051,10000000,8,Medium
356,Coloring & Learn,FAMILY,Educational;Creativity,Everyone,4.4,12753,0,0.413822269,0.609425837,5000000,7,Medium
357,Coloring book moana,FAMILY,Art & Design;Pretend Play,Everyone,3.9,974,0,0.152651515,0.641540404,500000,6,Low
358,Comedy Central,ENTERTAINMENT,Entertainment,Teen,3.9,22378,0,0.171423766,0.346906422,1000000,7,Medium
359,Common Core,EDUCATION,Education,Everyone,4,835,0,-0.00881078,0.459995072,100000,6,Low
360,Comptia A+ 220-901 & 220-902,FAMILY,Education,Everyone,4.4,174,0,0.500792282,0.559844007,10000,5,Low
361,ConnectLine,MEDICAL,Medical,Everyone,3.1,253,0,0.138011629,0.450320327,50000,5,Low
362,Contacts,COMMUNICATION,Communication,Everyone,4.3,66602,0,0.01224871,0.472133826,50000000,8,Medium
363,Contacts+,COMMUNICATION,Communication,Everyone,4.2,190613,0,0.410814583,0.45308276,10000000,8,Medium
364,Content Transfer,PRODUCTIVITY,Productivity,Everyone,4.7,19302,0,0.163047282,0.397058847,5000000,7,Medium
365,ConvertPad - Unit Converter,TOOLS,Tools,Everyone,4.4,90831,0,0.223449729,0.487796883,10000000,8,Medium
366,Cookbook Recipes,FOOD_AND_DRINK,Food & Drink,Teen,4.1,46539,0,0.565437038,0.64261154,5000000,7,Medium
367,Cooking Channel,ENTERTAINMENT,Entertainment,Teen,4.1,1033,0,0.364018944,0.533577256,100000,6,Low
368,Cooking Fever,GAME,Arcade,Everyone,4.5,3198176,0,-0.042331443,0.477864596,100000000,9,High
369,Cooking Madness - A Chef's Restaurant Games,GAME,Arcade,Everyone,4.7,358817,0,0.013550645,0.516756288,10000000,8,Medium
370,Cookpad,FOOD_AND_DRINK,Food & Drink,Everyone,4.5,131569,0,0.257436768,0.548396665,10000000,8,Medium
371,Cool Popular Ringtones 2018 üî•,LIBRARIES_AND_DEMO,Libraries & Demo,Everyone,4.5,60170,0,0.203484881,0.571494709,1000000,7,Medium
372,Cool Reader,BOOKS_AND_REFERENCE,Books & Reference,Everyone,4.5,246315,0,0.115840792,0.477369916,10000000,8,Medium
373,Couch to 10K Running Trainer,HEALTH_AND_FITNESS,Health & Fitness,Everyone,4.6,10445,0,0.337378791,0.520526265,500000,6,Low
374,Couch to 5K by RunDouble,HEALTH_AND_FITNESS,Health & Fitness,Everyone,4.7,15674,0,0.277326422,0.494346236,1000000,7,Medium
375,Couchsurfing Travel App,TRAVEL_AND_LOCAL,Travel & Local,Teen,4.4,61776,0,0.247289373,0.529696291,1000000,7,Medium
376,Cougar Dating Life : Date Older Women Sugar Mummy,DATING,Dating,Mature 17+,3.9,1645,0,0.324570282,0.588512932,500000,6,Low
377,Couple - Relationship App,SOCIAL,Social,Everyone,4,33249,0,0.304422962,0.581324029,1000000,7,Medium
378,Credit Karma,FINANCE,Finance,Everyone,4.7,706618,0,0.27005168,0.519642146,10000000,8,Medium
379,Credit Sesame,FINANCE,Finance,Everyone,4.3,25166,0,0.088667386,0.394203811,1000000,7,Medium
380,CreditWise from Capital One,FINANCE,Finance,Everyone,4.6,26587,0,0.239454294,0.535131152,1000000,7,Medium
381,Crew - Free Messaging and Scheduling,BUSINESS,Business,Everyone,4.6,4159,0,0.417331952,0.59983819,500000,6,Low
382,Cricbuzz - Live Cricket Scores & News,SPORTS,Sports,Everyone,4.5,838738,0,0.097012014,0.565818619,50000000,8,Medium
383,Cricket Visual Voicemail,COMMUNICATION,Communication,Everyone,3.9,13698,0,0.062002592,0.41954247,10000000,8,Medium
384,Crossy Road,GAME,Action,Everyone,4.5,4229977,0,0.215851281,0.529847389,100000000,9,High
385,Crunchyroll - Everything Anime,ENTERTAINMENT,Entertainment,Teen,3.7,310095,0,0.177510033,0.444899624,10000000,8,Medium
386,Current debit card and app made for teens,FINANCE,Finance,Everyone,4.3,685,0,0.327258373,0.472188687,50000,5,Low
387,Curriculum vitae App CV Builder Free Resume Maker,BUSINESS,Business,Everyone,4.5,4571,0,0.393703482,0.498035904,500000,6,Low
388,Cut the Rope FULL FREE,FAMILY,Puzzle,Everyone,4.4,2122705,0,0.013067754,0.570271181,100000000,9,High
389,Cycling - Bike Tracker,HEALTH_AND_FITNESS,Health & Fitness,Everyone,4.5,9116,0,0.352146825,0.617412698,500000,6,Low
390,"Cymera Camera- Photo Editor, Filter,Collage,Layout",PHOTOGRAPHY,Photography,Everyone,4.4,2418165,0,0.419417735,0.461981074,100000000,9,High
391,Czech Public Transport IDOS,MAPS_AND_NAVIGATION,Maps & Navigation,Everyone,4.3,26014,0,0.251074907,0.402818878,1000000,7,Medium
392,DC Comics,COMICS,Comics,Teen,4.2,25673,0,0.478809474,0.605346532,1000000,7,Medium
393,DC Super Hero Girls‚Ñ¢,FAMILY,Action;Action & Adventure,Everyone,4.3,43090,0,0.334009024,0.573326649,5000000,7,Medium
394,DEAD TARGET: FPS Zombie Apocalypse Survival Games,GAME,Action,Mature 17+,4.5,1468638,0,0.066818261,0.485257035,50000000,8,Medium
395,DEER HUNTER 2018,GAME,Action,Teen,4.3,955614,0,-0.383333333,0.433333333,10000000,8,Medium
396,DINO HUNTER: DEADLY SHORES,GAME,Action,Teen,4.4,1381624,0,0.022312568,0.505559775,10000000,8,Medium
397,DIY Garden Ideas,LIFESTYLE,Lifestyle,Everyone,4.1,3309,0,0.444044118,0.616495098,500000,6,Low
398,DIY On A Budget,HOUSE_AND_HOME,House & Home,Teen,4.7,114,0,0.448062641,0.557627684,10000,5,Low
399,DMV Permit Practice Test 2018 Edition,AUTO_AND_VEHICLES,Auto & Vehicles,Everyone,4.9,6090,0,0.295660321,0.55980586,100000,6,Low
400,DRAGON BALL LEGENDS,GAME,Action,Teen,4.6,338742,0,0.09954934,0.519107297,5000000,7,Medium
401,DSLR Camera Hd Ultra Professional,PHOTOGRAPHY,Photography,Everyone,4.2,4410,0,0.076951754,0.504290936,1000000,7,Medium
402,DStv Now,ENTERTAINMENT,Entertainment,Teen,3.9,34923,0,0.023143659,0.516131184,5000000,7,Medium
403,DU Browser‚ÄîBrowse fast & fun,COMMUNICATION,Communication,Everyone,4.3,1133539,0,0.177266098,0.506240247,10000000,8,Medium
404,"DU Recorder ‚Äì Screen Recorder, Video Editor, Live",VIDEO_PLAYERS,Video Players & Editors,Everyone,4.8,2588730,0,0.224186917,0.524684219,50000000,8,Medium
405,Daily Workouts - Exercise Fitness Routine Trainer,HEALTH_AND_FITNESS,Health & Fitness,Everyone,4.4,134195,0,0.8,0.75,10000000,8,Medium
406,Daily Yoga - Yoga Fitness Plans,HEALTH_AND_FITNESS,Health & Fitness,Everyone,4.4,70769,0,0.257017647,0.566922799,5000000,7,Medium
407,"Dailyhunt (Newshunt) - Latest News, Viral Videos",NEWS_AND_MAGAZINES,News & Magazines,Teen,4.3,948198,0,-0.066145833,0.554166667,50000000,8,Medium
408,Dairy Queen,FOOD_AND_DRINK,Food & Drink,Everyone,3.6,742,0,0.189409722,0.374382716,100000,6,Low
409,Daniel Tiger for Parents,PARENTING,Parenting;Music & Video,Everyone,4.7,247,0,0.27962963,0.509038801,100000,6,Low
410,DashClock Widget,PERSONALIZATION,Personalization,Everyone,4.1,62301,0,0.033333333,0.419047619,1000000,7,Medium
411,Dashlane Free Password Manager,PRODUCTIVITY,Productivity,Everyone,4.6,73695,0,0.170753968,0.544285714,1000000,7,Medium
412,"Dating App, Flirt & Chat : W-Match",SOCIAL,Social,Mature 17+,4.3,175523,0,0.301666667,0.435555556,10000000,8,Medium
413,Dating for 50 plus Mature Singles ‚Äì FINALLY,DATING,Dating,Mature 17+,4.6,13049,0,0.332539683,0.508730159,500000,6,Low
414,Davis's Drug Guide,MEDICAL,Medical,Everyone,3.9,272,0,-0.1,0.533333333,50000,5,Low
415,Davis's Drug Guide for Nurses,MEDICAL,Medical,Everyone,4.5,572,0,0.314814815,0.425925926,50000,5,Low
416,Debonairs Pizza,FOOD_AND_DRINK,Food & Drink,Everyone,3.8,3320,0,0.046527778,0.605416667,500000,6,Low
417,Delta Dental,MEDICAL,Medical,Everyone,3,914,0,-0.084184772,0.325904762,100000,6,Low
418,Device Help,TOOLS,Tools,Everyone,4.2,28860,0,0.096395738,0.356286623,100000000,9,High
419,Diabetes & Diet Tracker,MEDICAL,Medical,Everyone,4.6,395,9.99,0.363627311,0.568469161,1000,4,Low
420,Diabetes:M,MEDICAL,Medical,Everyone,4.6,15537,0,0.317967904,0.5219833,100000,6,Low
421,Diamond Zipper Lock Screen,PERSONALIZATION,Personalization,Everyone,4.3,71688,0,0.159730392,0.606151961,10000000,8,Medium
422,Diary with lock,LIFESTYLE,Lifestyle,Everyone,4.6,815280,0,0.283763341,0.568277521,10000000,8,Medium
423,Diary with lock password,LIFESTYLE,Lifestyle,Everyone,4.3,179139,0,0.292266842,0.509655793,5000000,7,Medium
424,Dictionary - Merriam-Webster,BOOKS_AND_REFERENCE,Books & Reference,Everyone,4.5,454412,0,0.238731061,0.462321128,10000000,8,Medium
425,Digg,NEWS_AND_MAGAZINES,News & Magazines,Teen,3.9,6105,0,0.042700315,0.50737741,100000,6,Low
426,DigiCal Calendar Agenda,PRODUCTIVITY,Productivity,Everyone,4.4,133573,0,0.168212704,0.506742006,5000000,7,Medium
427,Digit Save Money Automatically,FINANCE,Finance,Everyone,4.5,8188,0,0.250246309,0.402741993,100000,6,Low
428,Digital Alarm Clock,TOOLS,Tools,Everyone,4.2,118439,0,0.341073291,0.48079476,10000000,8,Medium
429,Dino War: Rise of Beasts,GAME,Strategy,Teen,4.1,18996,0,0.05913701,0.452085008,1000000,7,Medium
430,Dinosaur Simulator: Dino World,GAME,Action,Teen,4,26649,0,-0.013141026,0.405448718,5000000,7,Medium
431,Discover Mobile,FINANCE,Finance,Everyone,4.6,87951,0,-0.041666667,0.527777778,5000000,7,Medium
432,Disney Heroes: Battle Mode,GAME,Strategy,Everyone 10+,4.6,102107,0,-0.005,0.358333333,5000000,7,Medium
433,Disney Magic Kingdoms: Build Your Own Magical Park,FAMILY,Simulation;Action & Adventure,Everyone,4.3,472584,0,0.087029655,0.484223568,10000000,8,Medium
434,DisneyNOW ‚Äì TV Shows & Games,FAMILY,Entertainment;Music & Video,Everyone,4.3,82499,0,0.203991959,0.535116219,5000000,7,Medium
435,Do It Later: Tasks & To-Dos,PRODUCTIVITY,Productivity,Everyone,4.5,123412,0,0.168202261,0.327347353,50000000,8,Medium
436,Docs To Go‚Ñ¢ Free Office Suite,BUSINESS,Business,Everyone,4.1,217730,0,0.206290785,0.410571338,50000000,8,Medium
437,Doctor On Demand,MEDICAL,Medical,Everyone,4.7,18674,0,0.388429922,0.553380266,1000000,7,Medium
438,Doctor Pets,FAMILY,Educational;Education,Everyone,4.2,23060,0,0.168802083,0.514166667,1000000,7,Medium
439,Dog Licks Screen Wallpaper,PERSONALIZATION,Personalization,Everyone,4.3,63624,0,0.225250304,0.527772591,5000000,7,Medium
440,Dog Run - Pet Dog Simulator,FAMILY,Simulation;Action & Adventure,Everyone,4.7,48701,0,0.137098554,0.506788432,10000000,8,Medium
441,Dog Sim Online: Raise a Family,FAMILY,Simulation,Teen,4.6,94989,0,0.175294237,0.589553571,5000000,7,Medium
442,Domino's Pizza USA,FOOD_AND_DRINK,Food & Drink,Everyone,4.7,1032935,0,0.209078642,0.503228746,10000000,8,Medium
443,Dominos Game ‚úîÔ∏è,FAMILY,Board;Brain Games,Everyone,4.1,2903,0,0.023215534,0.33292513,1000000,7,Medium
444,Doodle Jump,GAME,Arcade,Everyone,4.3,1083571,0,0.113630003,0.518185105,50000000,8,Medium
445,Door Lock Screen,PERSONALIZATION,Personalization,Everyone,4.3,5413,0,0.516621642,0.606861772,1000000,7,Medium
446,DoorDash - Food Delivery,FOOD_AND_DRINK,Food & Drink,Everyone,4.5,104504,0,0.072407103,0.444224977,1000000,7,Medium
447,Dosecast - Medication Reminder,MEDICAL,Medical,Everyone,4.3,4107,0,0.299149561,0.523733837,100000,6,Low
448,Down Dog: Great Yoga Anywhere,HEALTH_AND_FITNESS,Health & Fitness,Teen,4.9,28945,0,0.291847264,0.526836991,500000,6,Low
449,Dr. Panda & Toto's Treehouse,FAMILY,Casual;Pretend Play,Everyone,4.4,3397,3.99,0.180236683,0.532672254,50000,5,Low
450,Dr. Panda Restaurant 3,FAMILY,Educational;Pretend Play,Everyone,4.2,11126,0,-0.097467771,0.516119626,1000000,7,Medium
451,Dr. Panda Town: Vacation,FAMILY,Education;Pretend Play,Everyone,3.8,10366,0,0.09280715,0.486286719,1000000,7,Medium
452,DraftKings - Daily Fantasy Sports,SPORTS,Sports,Adults only 18+,4.5,50017,0,0.312333554,0.521388338,1000000,7,Medium
453,Dragon Hills,GAME,Action,Everyone 10+,4.5,354373,0,0.040340518,0.552184129,10000000,8,Medium
454,Draw A Stickman,GAME,Adventure,Everyone,3.4,29265,0,-0.15,0.4,1000000,7,Medium
455,Draw In,GAME,Arcade,Everyone,4.2,46416,0,-0.134166667,0.5825,10000000,8,Medium
456,Drawing for Kids Learning Games for Toddlers age 3,FAMILY,Educational;Education,Everyone,4.6,29436,0,0.386666667,0.546666667,1000000,7,Medium
457,Dream League Soccer 2018,SPORTS,Sports,Everyone,4.6,9873470,0,-5.18E-04,0.483123898,100000000,9,High
458,DreamTrips,TRAVEL_AND_LOCAL,Travel & Local,Teen,4.7,9971,0,0.371276778,0.438568723,500000,6,Low
459,DreamWorks Friends,FAMILY,Role Playing;Pretend Play,Everyone,3.6,1042,0,-0.001788083,0.476372309,100000,6,Low
460,Dresses Ideas & Fashions +3000,BEAUTY,Beauty,Mature 17+,4.5,473,0,0.430603448,0.557466703,100000,6,Low
461,Droid Zap by Motorola,VIDEO_PLAYERS,Video Players & Editors,Everyone,3.8,2093,0,-0.040537383,0.438389801,5000000,7,Medium
462,DroidAdmin for Android - Advice,EVENTS,Events,Everyone,4.2,811,0,0.126175214,0.507450142,10000,5,Low
463,Dropbox,PRODUCTIVITY,Productivity,Everyone,4.4,1860844,0,0.236330525,0.443635604,500000000,9,High
464,Drugs.com Medication Guide,MEDICAL,Medical,Everyone,4.4,15875,0,0.247353579,0.490592768,1000000,7,Medium
465,Dude Perfect 2,GAME,Action,Everyone,4.5,401648,0,0.116902356,0.535796628,10000000,8,Medium
466,Dumb Ways to Die 2: The Games,FAMILY,Casual,Teen,4.2,1671658,0,0.027208249,0.469423238,50000000,8,Medium
467,Dungeon Hunter Champions: Epic Online Action RPG,FAMILY,Role Playing,Teen,4.2,26307,0,-0.034255808,0.488278252,1000000,7,Medium
468,Dunkin' Donuts,FOOD_AND_DRINK,Food & Drink,Everyone,4.2,68270,0,0.19655993,0.470510006,1000000,7,Medium
469,Duolingo: Learn Languages Free,FAMILY,Education;Education,Everyone,4.7,6297590,0,0.200407738,0.470214753,100000000,9,High
470,DuraSpeed,TOOLS,Tools,Everyone,3.8,5431,0,-0.034044012,0.396687052,10000000,8,Medium
471,E*TRADE Mobile,FINANCE,Finance,Everyone,3.9,10657,0,0.153273414,0.49361038,1000000,7,Medium
472,Easy Hair Style Design,LIFESTYLE,Lifestyle,Everyone,4.3,601,0,0.490203704,0.554462963,100000,6,Low
473,Easy Healthy Recipes,FOOD_AND_DRINK,Food & Drink,Everyone,4.1,278,0,0.445762474,0.58934953,50000,5,Low
474,Easy Installer - Apps On SD,BUSINESS,Business,Everyone,4.1,23055,0,-0.009110334,0.310693473,5000000,7,Medium
475,Easy Makeup Tutorials,LIFESTYLE,Lifestyle,Everyone,4.3,7287,0,0.281971375,0.424363175,1000000,7,Medium
476,Easy Origami Ideas,ART_AND_DESIGN,Art & Design,Everyone,4.2,1015,0,0.099452614,0.536764706,100000,6,Low
477,Easy Recipes,FOOD_AND_DRINK,Food & Drink,Everyone,4.7,2707,0,0.270538194,0.510138889,100000,6,Low
478,Easy Voice Recorder,PRODUCTIVITY,Productivity,Everyone,4.4,205191,0,0.435837052,0.565677542,10000000,8,Medium
479,EasyBib: Citation Generator,EDUCATION,Education,Everyone,3.5,1405,0,0.071831662,0.391223893,100000,6,Low
480,Eat Fit - Diet and Health Free,HEALTH_AND_FITNESS,Health & Fitness,Everyone,4.1,2469,0,0.245044147,0.529424603,100000,6,Low
481,Eat24 Food Delivery & Takeout,FOOD_AND_DRINK,Food & Drink,Everyone,4.3,40116,0,0.171610521,0.547071077,1000000,7,Medium
482,EatStreet Food Delivery App,FOOD_AND_DRINK,Food & Drink,Everyone,4.6,7690,0,0.383265303,0.513607601,100000,6,Low
483,"Ebates: Cash Back, Coupons, Rewards & Savings",SHOPPING,Shopping,Everyone,4.5,37253,0,0.225387095,0.415520145,1000000,7,Medium
484,Ebook Reader,BOOKS_AND_REFERENCE,Books & Reference,Everyone,4.1,85842,0,0.342532488,0.581568216,5000000,7,Medium
485,Ecobank Mobile Banking,FINANCE,Finance,Everyone,4,12073,0,-0.014860032,0.541573018,1000000,7,Medium
486,Edmodo,FAMILY,Education,Everyone,4.1,200214,0,0.404155535,0.443558132,10000000,8,Medium
487,Educational Games 4 Kids,FAMILY,Educational;Education,Everyone,4.3,11618,0,0.194359526,0.473234412,5000000,7,Medium
488,Educational Games for Kids,FAMILY,Educational;Education,Everyone,4.5,7050,0,0.306556437,0.513664021,1000000,7,Medium
489,English with Lingualeo,EDUCATION,Education,Everyone,4.7,254519,0,0.135168651,0.352271825,5000000,7,Medium
490,English-Myanmar Dictionary,BOOKS_AND_REFERENCE,Books & Reference,Everyone,4.4,8788,0,0.393513424,0.40219265,1000000,7,Medium
491,Entel,LIFESTYLE,Lifestyle,Everyone,3.2,16168,0,0.018577117,0.331313733,1000000,7,Medium
492,Episode - Choose Your Story,FAMILY,Simulation,Teen,4.3,1842381,0,0.080273774,0.481147147,50000000,8,Medium
493,Epocrates Plus,MEDICAL,Medical,Everyone,4.3,23889,0,0.299594697,0.515256133,1000000,7,Medium
494,Equestria Girls,FAMILY,Role Playing;Action & Adventure,Everyone,4.3,392819,0,0.043808377,0.550960436,10000000,8,Medium
495,Essential Anatomy 3,MEDICAL,Medical,Mature 17+,4.1,1533,11.99,0.225516303,0.522328223,50000,5,Low
496,Essential Resources,LIBRARIES_AND_DEMO,Libraries & Demo,Everyone,4.6,237,0,0.281419623,0.484535136,50000,5,Low
497,Etsy: Handmade & Vintage Goods,SHOPPING,Shopping,Teen,4.3,95520,0,0.305483143,0.544001923,10000000,8,Medium
498,Etta Homes,LIFESTYLE,Lifestyle,Everyone,4.2,220,0,0.344622507,0.495779915,50000,5,Low
499,Eurosport,SPORTS,Sports,Everyone,4,121003,0,0.049044557,0.427370272,10000000,8,Medium
500,"Eve Period Tracker - Love, Sex & Relationships App",HEALTH_AND_FITNESS,Health & Fitness,Teen,4.6,20326,0,0.505036708,0.501774753,1000000,7,Medium
501,"Even - organize your money, get paid early",FINANCE,Finance,Everyone,4.8,12304,0,0.283928571,0.462738095,100000,6,Low
502,"Evernote ‚Äì Organizer, Planner for Notes & Memos",PRODUCTIVITY,Productivity,Everyone,4.6,1488289,0,0.084090239,0.52229189,100000000,9,High
503,Evie Launcher,PERSONALIZATION,Personalization,Everyone,4.7,139258,0,0.277928232,0.48739136,5000000,7,Medium
504,ExDialer - Dialer & Contacts,COMMUNICATION,Communication,Everyone,4.2,125232,0,0.271352799,0.495688628,10000000,8,Medium
505,"Expedia Hotels, Flights & Car Rental Travel Deals",TRAVEL_AND_LOCAL,Travel & Local,Everyone,4.1,136633,0,0.092992156,0.501554129,10000000,8,Medium
506,Expense IQ Money Manager,FINANCE,Finance,Everyone,4.4,21570,0,0.227506189,0.441984309,1000000,7,Medium
507,Experian - Free Credit Report,FINANCE,Finance,Everyone,4.6,23130,0,0.170504371,0.527845641,1000000,7,Medium
508,Extreme Car Driving Simulator,GAME,Racing,Everyone,4.3,2251012,0,-0.073611111,0.452777778,100000000,9,High
509,Extreme Coupon Finder,SHOPPING,Shopping,Everyone,4.1,11798,0,0.071214215,0.561718159,1000000,7,Medium
510,Extreme Match,GAME,Action,Everyone,4.5,696,0,0.194464549,0.466851351,100000,6,Low
511,Extreme Racing 2 - Real driving RC cars game!,FAMILY,Racing;Action & Adventure,Everyone,4.3,4207,0,0.023667328,0.419060847,500000,6,Low
512,EyeCloud,LIBRARIES_AND_DEMO,Libraries & Demo,Everyone,3.1,1267,0,0.117178554,0.35544066,100000,6,Low
513,EyeEm - Camera & Photo Filter,PHOTOGRAPHY,Photography,Everyone,4.2,215343,0,0.338065394,0.586203965,10000000,8,Medium
514,EzCalculator,TOOLS,Tools,Everyone,4.1,1657,0,0.377769969,0.521341495,100000,6,Low
515,FBReader: Favorite Book Reader,BOOKS_AND_REFERENCE,Books & Reference,Everyone,4.5,203130,0,0.277704811,0.472448734,10000000,8,Medium
516,FERZU - Furries Social Network,DATING,Dating,Mature 17+,3.9,1576,0,0.081865322,0.486939993,10000,5,Low
517,"FIFA - Tournaments, Soccer News & Live Scores",SPORTS,Sports,Everyone,4.2,342912,0,0.068258223,0.442776745,10000000,8,Medium
518,FINAL FANTASY BRAVE EXVIUS,GAME,Role Playing,Teen,4.6,745684,0,0.070815486,0.53148015,5000000,7,Medium
519,FOSSIL Q: DESIGN YOUR DIAL,LIFESTYLE,Lifestyle,Everyone,4.3,985,0,0.239766988,0.334515611,500000,6,Low
520,FOX,ENTERTAINMENT,Entertainment,Mature 17+,3.7,197774,0,0.213984025,0.458403202,10000000,8,Medium
521,FOX NOW - On Demand & Live TV,ENTERTAINMENT,Entertainment,Teen,3.9,60841,0,0.048090236,0.492022846,5000000,7,Medium
522,"FOX Sports: Live Streaming, Scores & News",SPORTS,Sports,Teen,4,28895,0,0.3132563,0.520679012,5000000,7,Medium
523,FREEDOME VPN Unlimited anonymous Wifi Security,TOOLS,Tools,Everyone,4.3,39833,0,0.313636364,0.347727273,1000000,7,Medium
524,"FUN Keyboard ‚Äì Emoji Keyboard, Sticker,Theme & GIF",PERSONALIZATION,Personalization,Everyone,4.7,12089,0,0.25675,0.343287037,500000,6,Low
525,"Fabulous: Motivate Me! Meditate, Relax, Sleep",HEALTH_AND_FITNESS,Health & Fitness,Everyone,4.6,205299,0,0.191995942,0.526580559,5000000,7,Medium
526,"Face Filter, Selfie Editor - Sweet Camera",PHOTOGRAPHY,Photography,Everyone,4.7,142758,0,0.194281046,0.588865546,10000000,8,Medium
527,Facebook,SOCIAL,Social,Teen,4.1,78128208,0,-0.007002902,0.46020735,1000000000,10,High
528,Facebook Ads Manager,BUSINESS,Business,Everyone,4.1,19051,0,0.203400536,0.319262729,1000000,7,Medium
529,Facebook Lite,SOCIAL,Social,Teen,4.3,8595964,0,-9.91E-04,0.45612722,500000000,9,High
530,Facebook Local,SOCIAL,Social,Teen,4.2,4751,0,0.133641698,0.440459364,1000000,7,Medium
531,Facebook Pages Manager,BUSINESS,Business,Everyone,4,1279800,0,-0.061082729,0.440852856,50000000,8,Medium
532,Fake Call - Fake Caller ID,PRODUCTIVITY,Productivity,Everyone,4.3,154668,0,0.297794173,0.48609765,10000000,8,Medium
533,Fallout Shelter,FAMILY,Simulation,Teen,4.6,2721923,0,0.170232149,0.513606029,10000000,8,Medium
534,Family Album Mitene: Private Photo & Video Sharing,PARENTING,Parenting,Everyone,4.7,34336,0,0.432587584,0.630116581,1000000,7,Medium
535,Family Dollar,SHOPPING,Shopping,Everyone,4.3,2588,0,0.248165881,0.44606393,1000000,7,Medium
536,Family GPS Tracker and Chat + Baby Monitor Online,PARENTING,Parenting,Everyone,4.4,9073,0,0.417435114,0.547518233,500000,6,Low
537,Family GPS tracker KidControl + GPS by SMS Locator,SOCIAL,Social,Everyone,4.5,57146,0,0.211203097,0.517122913,1000000,7,Medium
538,Family Locator - GPS Tracker,LIFESTYLE,Lifestyle,Everyone,4.4,726074,0,0.358575352,0.544876958,10000000,8,Medium
539,FamilySearch Tree,BOOKS_AND_REFERENCE,Books & Reference,Everyone,4.3,17506,0,0.20932583,0.435825958,1000000,7,Medium
540,FanDuel: Daily Fantasy Sports,SPORTS,Sports,Mature 17+,4.6,29673,0,0.287083497,0.4659878,1000000,7,Medium
541,Fancy Widgets,PERSONALIZATION,Personalization,Everyone,4.2,37237,0,0.214213515,0.546355501,5000000,7,Medium
542,Fandango Movies - Times + Tickets,ENTERTAINMENT,Entertainment,Teen,4.6,243747,0,0.142601889,0.518301123,10000000,8,Medium
543,Fantasy Football,SPORTS,Sports,Everyone,3.5,50179,0,0.062580633,0.411021499,1000000,7,Medium
544,Fantasy Football & NFL News,SPORTS,Sports,Everyone,4.5,2943,0,0.421241158,0.56739181,100000,6,Low
545,Fantasy Football Manager (FPL),SPORTS,Sports,Everyone,4.4,63650,0,0.299870979,0.522163866,1000000,7,Medium
546,Farm Fruit Pop: Party Time,GAME,Casual,Everyone,4.4,9305,0,0.165027722,0.470514593,1000000,7,Medium
547,Farm Heroes Saga,FAMILY,Casual,Everyone,4.4,7615646,0,-0.011810532,0.444434353,100000000,9,High
548,Farming Simulator 14,FAMILY,Simulation;Action & Adventure,Everyone,4.5,530904,0,0.058127922,0.487419079,10000000,8,Medium
549,Farming Simulator 18,GAME,Simulation;Education,Everyone,4.5,18125,4.99,0.064467132,0.493329872,100000,6,Low
550,Fashion in Vogue,LIFESTYLE,Lifestyle,Everyone,3.8,1797,0,0.055325657,0.34800007,100000,6,Low
551,Fast News,NEWS_AND_MAGAZINES,News & Magazines,Everyone 10+,4.4,84957,0,0.346303419,0.604201262,1000000,7,Medium
552,Fast Scanner : Free PDF Scan,BUSINESS,Business,Everyone,4.5,103755,0,0.313063161,0.427900189,10000000,8,Medium
553,Fast Secure VPN,TOOLS,Tools,Everyone,4.3,56848,0,0.179100113,0.418540953,1000000,7,Medium
554,"FastMeet: Chat, Dating, Love",DATING,Dating,Mature 17+,4.2,22545,0,0.344173401,0.517343434,1000000,7,Medium
555,Fat Burning Workout - Home Weight lose,HEALTH_AND_FITNESS,Health & Fitness,Everyone,4.5,706,0,0.17526901,0.547137145,100000,6,Low
556,Fate/Grand Order (English),GAME,Role Playing,Teen,4.4,16601,0,0.060880931,0.528551064,500000,6,Low
557,FidMe Loyalty Cards & Deals at Grocery Supermarket,SHOPPING,Shopping,Everyone,4.2,33758,0,0.220267611,0.414167651,1000000,7,Medium
558,File Browser by Astro (File Manager),PRODUCTIVITY,Productivity,Everyone,4.3,609182,0,0.111991793,0.452699495,50000000,8,Medium
559,File Explorer,PRODUCTIVITY,Productivity,Everyone,4.1,979,0,0.259582816,0.456304348,100000,6,Low
560,File Manager,TOOLS,Tools,Everyone,4.6,739329,0,0.061832817,0.313300046,50000000,8,Medium
561,File Manager -- Take Command of Your Files Easily,TOOLS,Tools,Everyone,4.2,127223,0,0.214646465,0.360555556,10000000,8,Medium
562,Files Go by Google: Free up space on your phone,TOOLS,Tools,Everyone,4.6,315585,0,0.130682331,0.523552294,10000000,8,Medium
563,FilterGrid - Cam&Photo Editor,PHOTOGRAPHY,Photography,Everyone,4.6,126338,0,0.092639945,0.52942907,1000000,7,Medium
564,Filters for B Live,BEAUTY,Beauty,Everyone,4.4,2280,0,0.168017677,0.395555556,500000,6,Low
565,Filters for Selfie,BEAUTY,Beauty,Everyone,4.3,8572,0,0.09912037,0.527894621,1000000,7,Medium
566,Final Fantasy XV: A New Empire,FAMILY,Strategy,Everyone 10+,4,484858,0,-0.023527279,0.51133925,10000000,8,Medium
567,Financial Times,NEWS_AND_MAGAZINES,News & Magazines,Everyone 10+,4.2,27104,0,0.184639791,0.465751022,1000000,7,Medium
568,Find Dining Restaurant Finder,TRAVEL_AND_LOCAL,Travel & Local,Everyone,4.1,427,0,0.33946793,0.477599611,100000,6,Low
569,Find a Way: Addictive Puzzle,FAMILY,Puzzle,Everyone,4.8,39480,0,0.069630233,0.585088999,500000,6,Low
570,Find&Save - Local Shopping,SHOPPING,Shopping,Everyone,4,4602,0,0.090959877,0.382122789,500000,6,Low
571,FindShip,MAPS_AND_NAVIGATION,Maps & Navigation,Everyone,4.2,23279,0,0.100448975,0.411448727,1000000,7,Medium
572,Firefox Browser fast & private,COMMUNICATION,Communication,Everyone,4.4,3075096,0,0.110142019,0.518786252,100000000,9,High
573,Firefox Focus: The privacy browser,COMMUNICATION,Communication,Everyone,4.4,36981,0,0.209248589,0.553828097,1000000,7,Medium
574,Fishdom,GAME,Puzzle,Everyone,4.6,2158580,0,0.059514849,0.563510531,10000000,8,Medium
575,Fitbit,HEALTH_AND_FITNESS,Health & Fitness,Everyone,3.9,357417,0,0.245554654,0.582282047,10000000,8,Medium
576,Flashlight,TOOLS,Tools,Everyone,4.5,162335,0,0.405400085,0.607248299,10000000,8,Medium
577,Flashlight & LED Torch,TOOLS,Tools,Everyone,4.3,111507,0,0.249733333,0.258177778,10000000,8,Medium
578,Flashlight - Torch LED Light,TOOLS,Tools,Everyone,4.4,192661,0,0.404525132,0.539126984,10000000,8,Medium
579,Flashlight HD LED,TOOLS,Tools,Everyone,4.3,618918,0,0.452203998,0.640651714,50000000,8,Medium
580,Flickr,PHOTOGRAPHY,Photography,Mature 17+,4.3,251951,0,0.177432491,0.435992375,10000000,8,Medium
581,Flight & Hotel Booking App - ixigo,TRAVEL_AND_LOCAL,Travel & Local,Everyone,4.4,45562,0,0.341024531,0.521059404,5000000,7,Medium
582,Flightradar24 Flight Tracker,TRAVEL_AND_LOCAL,Travel & Local,Everyone,4.3,171889,0,0.196624729,0.477007879,10000000,8,Medium
583,Flights,TRAVEL_AND_LOCAL,Travel & Local,Everyone,4.4,18039,0,0.140565164,0.400010406,1000000,7,Medium
584,Flip the Gun - Simulator Game,GAME,Arcade,Everyone,4.2,195558,0,-0.008393065,0.472987845,10000000,8,Medium
585,FlipaClip - Cartoon animation,ART_AND_DESIGN,Art & Design,Everyone,4.3,194216,0,0.41264881,0.67922619,5000000,7,Medium
586,Flipboard: News For Our Time,NEWS_AND_MAGAZINES,News & Magazines,Everyone 10+,4.4,1284018,0,0.385865003,0.433821734,500000000,9,High
587,Flipkart Online Shopping App,SHOPPING,Shopping,Teen,4.4,6003590,0,0.291526361,0.478862289,100000000,9,High
588,Flipp - Weekly Shopping,SHOPPING,Shopping,Everyone,4.6,85782,0,0.323672078,0.563028475,10000000,8,Medium
589,Flippy Campus - Buy & sell on campus at a discount,EDUCATION,Education,Everyone,4,889,0,0.395283932,0.492484721,500000,6,Low
590,FlirtChat - ‚ô•Free Dating/Flirting App‚ô•,DATING,Dating,Mature 17+,4.3,2433,0,0.420992579,0.510695733,500000,6,Low
591,Floor Plan Creator,ART_AND_DESIGN,Art & Design,Everyone,4.1,36639,0,0.264615476,0.465583928,5000000,7,Medium
592,Flow Free,FAMILY,Puzzle,Everyone,4.3,1295293,0,0.070768627,0.520183341,100000000,9,High
593,Flowers Live Wallpaper,PERSONALIZATION,Personalization,Everyone,4.1,118459,0,0.205179063,0.565036731,10000000,8,Medium
594,Fly Delta,TRAVEL_AND_LOCAL,Travel & Local,Everyone,3.7,27560,0,0.143252371,0.462260117,5000000,7,Medium
595,FollowMyHealth¬Æ,MEDICAL,Medical,Everyone,4.6,73118,0,0.189427671,0.481779707,1000000,7,Medium
596,Font Studio- Photo Texts Image,PHOTOGRAPHY,Photography,Everyone,4.2,197295,0,0.081459209,0.522045693,10000000,8,Medium
597,Food Calorie Calculator,HEALTH_AND_FITNESS,Health & Fitness,Everyone,4.2,1324,0,0.097972803,0.449876113,100000,6,Low
598,Food Network,FAMILY,Entertainment,Teen,4.1,7823,0,0.028354858,0.437034149,500000,6,Low
599,Fooducate Healthy Weight Loss & Calorie Counter,HEALTH_AND_FITNESS,Health & Fitness,Everyone,4.4,14402,0,0.354216923,0.497762033,1000000,7,Medium
600,Football Live Scores,SPORTS,Sports,Everyone,4.5,107724,0,0.405025889,0.530954715,5000000,7,Medium
601,ForecaWeather,WEATHER,Weather,Everyone,4.2,18425,0,0.360906765,0.509334629,1000000,7,Medium
602,Fortune City - A Finance App,FINANCE,Finance,Everyone,4.6,49275,0,0.266966183,0.458797023,500000,6,Low
603,Four In A Line,GAME,Board,Everyone,3.8,22191,0,0.274848757,0.54931704,1000000,7,Medium
604,Four In A Line Free,GAME,Board,Everyone,4.3,133195,0,0.202368019,0.485327047,5000000,7,Medium
605,Foursquare City Guide,FOOD_AND_DRINK,Food & Drink,Teen,4.1,483960,0,0.20027868,0.42221578,10000000,8,Medium
606,Foursquare Swarm: Check In,TRAVEL_AND_LOCAL,Travel & Local,Teen,3.9,421800,0,-0.062339839,0.421493613,10000000,8,Medium
607,Fox Business,FINANCE,Finance,Everyone,3.7,2594,0,0.088826741,0.501591707,500000,6,Low
608,"Fox News ‚Äì Breaking News, Live Video & News Alerts",NEWS_AND_MAGAZINES,News & Magazines,Everyone 10+,4.5,249919,0,0.021842716,0.502987619,10000000,8,Medium
609,Fraction Calculator Plus Free,TOOLS,Tools,Everyone,4.5,148506,0,0.372640925,0.562034865,5000000,7,Medium
610,Free & Premium VPN - FinchVPN,TOOLS,Tools,Everyone,4.2,19096,0,0.217668851,0.477772631,1000000,7,Medium
611,Free Dating & Flirt Chat - Choice of Love,DATING,Dating,Mature 17+,4,42197,0,0.032965368,0.361352814,5000000,7,Medium
612,Free Dating App & Flirt Chat - Cheers,DATING,Dating,Mature 17+,4.4,667,0,0.301926294,0.477381629,10000,5,Low
613,Free Dating App & Flirt Chat - Match with Singles,DATING,Dating,Mature 17+,4.4,172460,0,0.33969697,0.583653199,5000000,7,Medium
614,Free Dating App - Meet Local Singles - Flirt Chat,DATING,Dating,Mature 17+,4.1,825,0,-0.050325833,0.559581583,100000,6,Low
615,"Free Dating App - YoCutie - Flirt, Chat & Meet",DATING,Dating,Mature 17+,4.1,97699,0,0.117836201,0.447324486,1000000,7,Medium
616,Free Dating Hook Up Messenger,DATING,Dating,Mature 17+,3.3,1157,0,0.147288453,0.522336174,100000,6,Low
617,Free Foreclosure Real Estate Search by USHUD.com,HOUSE_AND_HOME,House & Home,Everyone,3.4,287,0,-0.038367286,0.440234465,100000,6,Low
618,Free Hypnosis,MEDICAL,Medical,Everyone,4.2,4303,0,0.275794903,0.494275127,100000,6,Low
619,Free Live Talk-Video Call,DATING,Dating,Mature 17+,4.7,158,0,-0.1,0.1,10000,5,Low
620,Free Panda Radio Music,BOOKS_AND_REFERENCE,Books & Reference,Everyone,4.5,418,0,0.25,0.266666667,100000,6,Low
621,Free Sports TV,SPORTS,Sports,Everyone,4.3,1802,0,0.167318583,0.514126396,100000,6,Low
622,"Free TV Shows App:News, TV Series, Episode, Movies",NEWS_AND_MAGAZINES,News & Magazines,Teen,4.6,29706,0,0.271555322,0.590724743,1000000,7,Medium
623,Free VIN Report for Used Cars,AUTO_AND_VEHICLES,Auto & Vehicles,Everyone,4.6,2431,0,0.308574747,0.494318213,100000,6,Low
624,Free live weather on screen,WEATHER,Weather,Everyone,4.4,15370,0,0.394258611,0.519715957,1000000,7,Medium
625,"Free phone calls, free texting SMS on free number",SOCIAL,Social,Everyone,4.5,412888,0,0.229604202,0.523120157,10000000,8,Medium
626,FreePrints ‚Äì Free Photos Delivered,PHOTOGRAPHY,Photography,Everyone,4.8,109500,0,0.446181108,0.626680415,1000000,7,Medium
627,Freeletics: Personal Trainer & Fitness Workouts,HEALTH_AND_FITNESS,Health & Fitness,Everyone,4.5,130104,0,0.274250682,0.463706287,10000000,8,Medium
628,Freeme Launcher‚ÄîStylish Theme,PERSONALIZATION,Personalization,Everyone,4.1,2828,0,0.3185,0.476377551,100000,6,Low
629,Fresh EBT - Food Stamp Balance,FINANCE,Finance,Everyone,4.5,19870,0,0.159727405,0.424738032,1000000,7,Medium
630,FreshBooks Classic,BUSINESS,Business,Everyone,4.1,1802,0,0.100529893,0.472117902,100000,6,Low
631,Frontback - Social Photos,SOCIAL,Social,Mature 17+,3.8,19446,0,0.207096486,0.461637205,1000000,7,Medium
632,Frozen Free Fall,FAMILY,Puzzle;Action & Adventure,Everyone,4.3,1574546,0,0.0601057,0.506126804,50000000,8,Medium
633,Fruit Block - Puzzle Legend,GAME,Casual,Everyone,4.6,125647,0,-0.183333333,0.377777778,10000000,8,Medium
634,Fruit Ninja¬Æ,GAME,Arcade,Everyone,4.3,5091448,0,0.154794547,0.493289171,100000000,9,High
635,Fruits Bomb,GAME,Casual,Everyone,4.4,74695,0,0.205323353,0.530610462,10000000,8,Medium
636,Fuelio: Gas log & costs,AUTO_AND_VEHICLES,Auto & Vehicles,Everyone,4.6,65786,0,0.440864868,0.531634789,1000000,7,Medium
637,Full Screen Caller ID,COMMUNICATION,Communication,Everyone,4.2,104990,0,0.345576124,0.476661779,5000000,7,Medium
638,Fun Kid Racing,FAMILY,Racing;Action & Adventure,Everyone,4,79667,0,0.269738292,0.524582185,10000000,8,Medium
639,Fun Kid Racing - Motocross,FAMILY,Racing;Action & Adventure,Everyone,4.1,59768,0,0.190795455,0.513577441,10000000,8,Medium
640,Funny Alarm Clock Ringtones,PERSONALIZATION,Personalization,Everyone,4.5,15633,0,0.10838064,0.596189986,1000000,7,Medium
641,Funny Pics,ENTERTAINMENT,Entertainment,Teen,3.9,9941,0,0.15368272,0.572180655,1000000,7,Medium
642,Fuzzy Seasons: Animal Forest,FAMILY,Simulation;Pretend Play,Everyone 10+,4.8,12137,0,0.168933226,0.579256768,100000,6,Low
643,G Cloud Backup,PRODUCTIVITY,Productivity,Everyone,4.6,267042,0,0.284191981,0.573889785,5000000,7,Medium
644,"GCash - Buy Load, Pay Bills, Send Money",FINANCE,Finance,Everyone,4,25508,0,0.027082441,0.383468615,1000000,7,Medium
645,GMAT Math Flashcards,EDUCATION,Education,Everyone,4.4,1769,0,0.412735997,0.549698022,100000,6,Low
646,GMAT Question Bank,EDUCATION,Education,Everyone,4.2,240,0,0.268899924,0.469883287,10000,5,Low
647,GMX Mail,COMMUNICATION,Communication,Everyone,4.3,258556,0,0.340047078,0.540739802,10000000,8,Medium
648,"GO Keyboard - Cute Emojis, Themes and GIFs",TOOLS,Tools,Everyone,4.5,4594198,0,0.223900862,0.310613027,100000000,9,High
649,"GO Keyboard - Emoticon keyboard, Free Theme, GIF",PERSONALIZATION,Personalization,Everyone,4.4,2591610,0,0.307440422,0.502509237,100000000,9,High
650,GO Notifier,COMMUNICATION,Communication,Everyone,4.2,124346,0,0.067519589,0.42306781,10000000,8,Medium
651,"GO SMS Pro - Messenger, Free Themes, Emoji",COMMUNICATION,Communication,Everyone,4.4,2876500,0,0.202488276,0.439831696,100000000,9,High
652,"GO Weather - Widget, Theme, Wallpaper, Efficient",WEATHER,Weather,Everyone,4.5,1422858,0,0.333400027,0.438703102,50000000,8,Medium
653,GPS Map Free,TRAVEL_AND_LOCAL,Travel & Local,Everyone,4,33782,0,0.7,0.6,5000000,7,Medium
654,GPS Speedometer and Odometer,MAPS_AND_NAVIGATION,Maps & Navigation,Everyone,4.8,15865,0,0.6875,0.654166667,1000000,7,Medium
655,"GPS Speedometer, Distance Meter",MAPS_AND_NAVIGATION,Maps & Navigation,Everyone,4.6,16094,0,0.368895089,0.601164435,1000000,7,Medium
656,GPS Status & Toolbox,TRAVEL_AND_LOCAL,Travel & Local,Everyone,4.5,149723,0,0.398073696,0.40268254,10000000,8,Medium
657,GPS Traffic Speedcam Route Planner by ViaMichelin,MAPS_AND_NAVIGATION,Maps & Navigation,Everyone,4.3,63920,0,0.272477883,0.464245058,5000000,7,Medium
658,GRE Flashcards,EDUCATION,Education,Everyone,4.5,13791,0,0.262055287,0.523789983,500000,6,Low
659,GRE Prep & Practice by Magoosh,EDUCATION,Education,Everyone,4.4,3963,0,0.388015713,0.483906285,100000,6,Low
660,GRE Tutor,EDUCATION,Education,Everyone,4,275,0,0.408694639,0.568108604,50000,5,Low
661,GS SHOP,SHOPPING,Shopping,Everyone,3.8,44255,0,0.239181287,0.347587719,10000000,8,Medium
662,GUNSHIP BATTLE: Helicopter 3D,GAME,Action,Teen,4.3,2151039,0,0.022225918,0.457930839,50000000,8,Medium
663,Galactic Core Free Wallpaper,PERSONALIZATION,Personalization,Everyone,4.1,69417,0,0.247567568,0.657813843,10000000,8,Medium
664,Galaxy Attack: Alien Shooter,GAME,Arcade,Everyone,4.6,506593,0,0.077289751,0.466582181,10000000,8,Medium
665,Game of Thrones: Conquest‚Ñ¢,GAME,Strategy,Teen,4,90218,0,0.198888889,0.447222222,1000000,7,Medium
666,"Gametime - Tickets to Sports, Concerts, Theater",EVENTS,Events,Everyone,4.5,8800,0,0.379740097,0.570218158,1000000,7,Medium
667,Garden Coloring Book,ART_AND_DESIGN,Art & Design,Everyone,4.4,13791,0,0.268482894,0.523447415,1000000,7,Medium
668,Garden Fruit Legend,FAMILY,Casual;Brain Games,Everyone,4.6,4289,0,0.242788462,0.575747863,500000,6,Low
669,Garden Photo Frames - Garden Photo Editor,PHOTOGRAPHY,Photography,Everyone,4.4,1864,0,0.333583333,0.481375,500000,6,Low
670,Gardenscapes,GAME,Casual,Everyone,4.6,4129665,0,0.019585138,0.501464814,50000000,8,Medium
671,Garena Free Fire,GAME,Action,Teen,4.5,5534114,0,0.07115787,0.494133121,100000000,9,High
672,Garmin Connect‚Ñ¢,HEALTH_AND_FITNESS,Health & Fitness,Everyone,3.9,232153,0,0.15480993,0.485423476,10000000,8,Medium
673,GasBuddy: Find Cheap Gas,TRAVEL_AND_LOCAL,Travel & Local,Mature 17+,4.6,751551,0,0.272674288,0.500985599,10000000,8,Medium
674,Gay Sugar Daddy Dating & Hookup ‚Äì Sudy Gay,DATING,Dating,Mature 17+,4.1,2212,0,0.200868352,0.637221035,100000,6,Low
675,Gboard - the Google Keyboard,TOOLS,Tools,Everyone,4.2,1855262,0,0.064586516,0.517171624,500000000,9,High
676,Gems or jewels ?,GAME,Puzzle,Teen,4.7,171448,0,0.1402082,0.438637844,10000000,8,Medium
677,Genius Scan - PDF Scanner,BUSINESS,Business,Everyone,4.4,42492,0,0.243160676,0.518333686,1000000,7,Medium
678,Gmail,COMMUNICATION,Communication,Everyone,4.3,4604483,0,0.071383102,0.465920087,1000000000,10,High
679,GoBank,FINANCE,Finance,Everyone,4.4,5950,0,0.039100828,0.530302058,500000,6,Low
680,GoPro (formerly Capture),PHOTOGRAPHY,Photography,Everyone,4,157506,0,-0.007790557,0.462019129,10000000,8,Medium
681,Goal Live Scores,SPORTS,Sports,Everyone,4.4,232423,0,0.176929058,0.513837139,5000000,7,Medium
682,Goibibo - Flight Hotel Bus Car IRCTC Booking App,TRAVEL_AND_LOCAL,Travel & Local,Everyone,4.3,459851,0,0.412730374,0.564948387,10000000,8,Medium
683,Goku Wallpaper Art,PERSONALIZATION,Personalization,Everyone,4.7,6342,0,0.464319728,0.517482993,1000000,7,Medium
684,Gold Butterfly Keyboard Theme,HOUSE_AND_HOME,House & Home,Everyone,4.3,10054,0,0.430822852,0.601108521,1000000,7,Medium
685,Golden Dictionary (EN-AR),BOOKS_AND_REFERENCE,Books & Reference,Everyone,4.4,51269,0,0.34045045,0.4903003,1000000,7,Medium
686,Golden Launcher,PERSONALIZATION,Personalization,Everyone,4.4,32794,0,0.507079346,0.589972089,5000000,7,Medium
687,Goldstar: Live Event Tickets,EVENTS,Events,Teen,4.5,1953,0,0.549266414,0.635454906,100000,6,Low
688,Golf Channel,SPORTS,Sports,Everyone,4.1,19230,0,-0.025728535,0.461064484,1000000,7,Medium
689,Golf GPS Rangefinder: Golf Pad,SPORTS,Sports,Everyone,4.6,13098,0,0.272632768,0.564943251,1000000,7,Medium
690,Golf GPS by SwingxSwing,SPORTS,Sports,Everyone,4.6,37167,0,0.204678551,0.457676517,1000000,7,Medium
691,GolfLogix GPS + Putt Breaks,SPORTS,Sports,Everyone,4,11085,0,-0.07843205,0.452674209,1000000,7,Medium
692,"GolfNow: Tee Time Deals at Golf Courses, Golf GPS",SPORTS,Sports,Everyone,4.5,26102,0,0.16830029,0.50418374,1000000,7,Medium
693,Golfshot Plus: Golf GPS,SPORTS,Sports,Everyone,4.1,3387,29.99,0.38617937,0.475311778,50000,5,Low
694,Golfshot: Golf GPS + Tee Times,SPORTS,Sports,Everyone,4.3,7543,0,0.344248864,0.464887079,500000,6,Low
695,GoodRx Drug Prices and Coupons,MEDICAL,Medical,Everyone,4.8,59158,0,0.252471042,0.449028314,1000000,7,Medium
696,Google,TOOLS,Tools,Everyone,4.4,8021623,0,0.260359469,0.492743934,1000000000,10,High
697,Google Ads,BUSINESS,Business,Everyone,4.3,29331,0,0.139965337,0.432398648,5000000,7,Medium
698,Google Duo - High Quality Video Calls,COMMUNICATION,Communication,Everyone,4.6,2083237,0,0.285689815,0.497990741,500000000,9,High
699,Google Earth,TRAVEL_AND_LOCAL,Travel & Local,Everyone,4.3,2339098,0,0.094902055,0.464962481,100000000,9,High
700,Google Fit - Fitness Tracking,HEALTH_AND_FITNESS,Health & Fitness,Everyone,3.9,249855,0,0.13005303,0.477864268,10000000,8,Medium
701,Google Handwriting Input,TOOLS,Tools,Everyone,4.3,94427,0,0.254108187,0.393298471,10000000,8,Medium
702,Google Keep,PRODUCTIVITY,Productivity,Everyone,4.4,691474,0,0.10001687,0.488832703,100000000,9,High
703,Google My Business,BUSINESS,Business,Everyone,4.4,70991,0,0.268436286,0.449417249,5000000,7,Medium
704,Google News,NEWS_AND_MAGAZINES,News & Magazines,Teen,3.9,878065,0,0.09391674,0.496775601,1000000000,10,High
705,Google PDF Viewer,PRODUCTIVITY,Productivity,Everyone,4.2,226453,0,0.100410421,0.441286611,10000000,8,Medium
706,Google Pay,FINANCE,Finance,Everyone,4.2,348132,0,0.115687486,0.507774177,100000000,9,High
707,Google Photos,PHOTOGRAPHY,Photography,Everyone,4.5,10847682,0,0.147509586,0.501893573,1000000000,10,High
708,Google Primer,BUSINESS,Business,Everyone,4.4,62272,0,0.75,0.675,10000000,8,Medium
709,Google Slides,PRODUCTIVITY,Productivity,Everyone,4.2,244567,0,0.933333333,0.916666667,100000000,9,High
710,Google Street View,TRAVEL_AND_LOCAL,Travel & Local,Everyone,4.2,2129707,0,-0.5,0.691666667,1000000000,10,High
711,Google Translate,TOOLS,Tools,Everyone,4.4,5741684,0,0.214166667,0.49,500000000,9,High
712,Google Trips - Travel Planner,TRAVEL_AND_LOCAL,Travel & Local,Everyone,4.1,26871,0,0.3,0,5000000,7,Medium
713,Google Voice,COMMUNICATION,Communication,Everyone,4.2,171052,0,0.152479285,0.196221591,10000000,8,Medium
714,Google+,SOCIAL,Social,Teen,4.2,4828372,0,0.368055556,0.469444444,1000000000,10,High
715,Granny,GAME,Arcade,Teen,4.5,1128805,0,0.064623164,0.556299335,50000000,8,Medium
716,Graphing Calculator,TOOLS,Tools,Everyone,3.9,12388,0,0.245829817,0.464478602,1000000,7,Medium
717,Grim Soul: Dark Fantasy Survival,GAME,Role Playing,Teen,4.5,189773,0,0.052306129,0.501764699,5000000,7,Medium
718,Groovebook Photo Books & Gifts,PHOTOGRAPHY,Photography,Everyone,4,21159,0,0.163921607,0.506754504,500000,6,Low
719,GroupMe,COMMUNICATION,Communication,Everyone,4.5,330761,0,0.118440041,0.518137447,10000000,8,Medium
720,"Groupon - Shop Deals, Discounts & Coupons",SHOPPING,Shopping,Teen,4.6,1371082,0,0.285940735,0.47119182,50000000,8,Medium
721,Grubhub: Food Delivery,FOOD_AND_DRINK,Food & Drink,Everyone,4.5,155944,0,0.122739329,0.47002924,5000000,7,Medium
722,Guns of Glory,GAME,Strategy,Everyone 10+,4,120592,0,-0.142060426,0.5351875,10000000,8,Medium
723,Gyft - Mobile Gift Card Wallet,SHOPPING,Shopping,Everyone,4.1,9701,0,-0.033643553,0.525325617,500000,6,Low
724,H Pack,LIFESTYLE,Lifestyle,Everyone,4.3,9412,0,0.108242424,0.379408775,1000000,7,Medium
725,H TV,FAMILY,Entertainment,Everyone,4.3,103064,0,0.302115385,0.408504274,5000000,7,Medium
726,H&M,LIFESTYLE,Lifestyle,Everyone,3.7,41917,0,0.024472956,0.576489845,10000000,8,Medium
727,HBO GO: Stream with TV Package,FAMILY,Entertainment,Teen,3.8,87734,0,-0.055652712,0.521606035,10000000,8,Medium
728,HD Camera,PHOTOGRAPHY,Photography,Everyone,4.3,49680,0,0,0,5000000,7,Medium
729,HD Camera - Best Cam with filters & panorama,PHOTOGRAPHY,Photography,Everyone,4.5,38953,0,0.22337963,0.5875,5000000,7,Medium
730,HD Camera - Quick Snap Photo & Video,PHOTOGRAPHY,Photography,Everyone,4.5,21841,0,0.455686275,0.577773109,1000000,7,Medium
731,HD Camera Pro for Android,PHOTOGRAPHY,Photography,Everyone,4.1,49211,0,0.076838235,0.609768908,1000000,7,Medium
732,HD Camera Ultra,PHOTOGRAPHY,Photography,Everyone,4.3,462152,0,0.154698669,0.569518111,10000000,8,Medium
733,HD Camera for Android,PHOTOGRAPHY,Photography,Everyone,4.1,351255,0,0.376191406,0.545766941,10000000,8,Medium
734,HD Movie Video Player,VIDEO_PLAYERS,Video Players & Editors,Everyone,4.5,18699,0,0.186015331,0.574268094,1000000,7,Medium
735,HD Video Player,VIDEO_PLAYERS,Video Players & Editors,Everyone,4.3,1551,0,0.197993421,0.435921053,1000000,7,Medium
736,HD Widgets,PERSONALIZATION,Personalization,Everyone,4.3,58614,0.99,0.181817835,0.513802189,1000000,7,Medium
737,HDFC Bank MobileBanking,FINANCE,Finance,Everyone,4.2,208463,0,0.11144867,0.509676227,10000000,8,Medium
738,HESI A2 Pocket Prep,MEDICAL,Medical,Everyone,4.3,2108,0,0.379146825,0.46896164,50000,5,Low
739,HISTORY: Watch TV Show Full Episodes & Specials,ENTERTAINMENT,Entertainment,Teen,4.1,33387,0,0.211278773,0.521122007,1000000,7,Medium
740,HTC Calendar,PRODUCTIVITY,Productivity,Everyone,3.9,6949,0,-0.037626263,0.694949495,10000000,8,Medium
741,HTC File Manager,PRODUCTIVITY,Productivity,Everyone,4.2,13500,0,0.088949014,0.261050986,10000000,8,Medium
742,HTC Gallery,VIDEO_PLAYERS,Video Players & Editors,Everyone,4.1,45744,0,0.031543995,0.444868029,10000000,8,Medium
743,HTC Help,BOOKS_AND_REFERENCE,Books & Reference,Everyone,4.2,8342,0,0.106870213,0.347890046,10000000,8,Medium
744,HTC Lock Screen,TOOLS,Tools,Everyone,4.1,28250,0,0.031488188,0.449245978,10000000,8,Medium
745,HTC Mail,PRODUCTIVITY,Productivity,Everyone,3.1,6572,0,0.078747928,0.42662905,10000000,8,Medium
746,HTC Sense Input,TOOLS,Tools,Everyone,3.4,17030,0,0.024668155,0.420179315,10000000,8,Medium
747,HTC Sense Input-AR,TOOLS,Tools,Everyone,3.8,1420,0,0.287596354,0.42227381,100000,6,Low
748,HTC Service Ôºç DLNA,VIDEO_PLAYERS,Video Players & Editors,Everyone,3.9,3484,0,0.018377776,0.449354338,10000000,8,Medium
749,HTC Service‚ÄîVideo Player,VIDEO_PLAYERS,Video Players & Editors,Everyone,4.2,6449,0,0.031498869,0.477396784,5000000,7,Medium
750,HTC Social Plugin - Facebook,SOCIAL,Social,Mature 17+,3.6,13223,0,-0.051704965,0.494051689,10000000,8,Medium
751,HTC Speak,LIFESTYLE,Lifestyle,Everyone,3.5,6145,0,0.004105721,0.334344144,10000000,8,Medium
752,HTC Weather,WEATHER,Weather,Everyone,3.9,22154,0,0.067624831,0.453093966,10000000,8,Medium
753,Hacker's Keyboard,PRODUCTIVITY,Productivity,Everyone,4.4,41418,0,0.261371545,0.578886965,1000000,7,Medium
754,Hairstyles step by step,BEAUTY,Beauty,Everyone,4.6,4369,0,0.470913066,0.591160102,100000,6,Low
755,Hamilton ‚Äî The Official App,ENTERTAINMENT,Entertainment,Everyone,4.5,1575,0,0.161047232,0.436143532,100000,6,Low
756,Hangouts,COMMUNICATION,Communication,Everyone,4,3419464,0,0.251503329,0.531248727,1000000000,10,High
757,Happify,HEALTH_AND_FITNESS,Health & Fitness,Everyone,3.7,1812,0,0.21889678,0.345,100000,6,Low
758,Happy Birthday Songs Offline,EVENTS,Events,Everyone,4.4,464,0,0.364705882,0.634313725,100000,6,Low
759,Happy Fruits Bomb - Cube Blast,FAMILY,Casual;Brain Games,Everyone,4.5,2150,0,0.023922799,0.453991342,500000,6,Low
760,Happy Street,FAMILY,Casual;Action & Adventure,Everyone 10+,4.5,110877,0,0.053588818,0.508260281,1000000,7,Medium
761,Harkins Theatres,ENTERTAINMENT,Entertainment,Everyone,4.3,1511,0,0.088644428,0.490007598,100000,6,Low
762,Harry Potter: Hogwarts Mystery,GAME,Adventure,Teen,4.4,1107197,0,0.05756054,0.485677469,10000000,8,Medium
763,HauteLook,SHOPPING,Shopping,Everyone,4.1,7193,0,0.172085137,0.492549303,500000,6,Low
764,Hay Day,FAMILY,Casual,Everyone,4.5,10053186,0,0.019572349,0.503681586,100000000,9,High
765,Haystack TV: Local & World News - Free,NEWS_AND_MAGAZINES,News & Magazines,Everyone 10+,4.3,3684,0,0.5295,0.551611111,100000,6,Low
766,Headspace: Meditation & Mindfulness,HEALTH_AND_FITNESS,Health & Fitness,Everyone,4.6,77563,0,0.227007576,0.421477273,10000000,8,Medium
767,Health and Nutrition Guide,HEALTH_AND_FITNESS,Health & Fitness,Everyone,4.3,7895,0,0.391510771,0.518358489,500000,6,Low
768,HealtheLife,MEDICAL,Medical,Everyone,3.6,190,0,0.063212302,0.363191468,100000,6,Low
769,Healthy Recipes Free,FOOD_AND_DRINK,Food & Drink,Everyone,4,1077,0,0.403393912,0.531792707,100000,6,Low
770,Helix Jump,GAME,Action,Everyone,4.2,1485806,0,0.09966548,0.487221064,100000000,9,High
771,Hello Kitty Lunchbox,FAMILY,Casual;Creativity,Everyone,4.2,51838,0,-0.052718387,0.560504353,5000000,7,Medium
772,Hello Kitty Nail Salon,FAMILY,Casual;Pretend Play,Everyone,4.2,369378,0,0.057448089,0.517986902,50000000,8,Medium
773,Hello Stars,GAME,Puzzle,Everyone,4.6,101686,0,0.168330372,0.496420872,10000000,8,Medium
774,"HelloTalk ‚Äî Chat, Speak & Learn Foreign Languages",EDUCATION,Education,Everyone,4.4,84311,0,0.202326389,0.653055556,5000000,7,Medium
775,Hero Hunters,GAME,Action,Teen,4.4,70747,0,-0.021667189,0.506313191,5000000,7,Medium
776,"Herpes Dating: 1,000K+ Singles",DATING,Dating,Mature 17+,4,738,0,0.174108304,0.467946115,10000,5,Low
777,Herpes Positive Singles Dating,DATING,Dating,Mature 17+,4.4,198,0,0.30665024,0.526466128,10000,5,Low
778,"Hide App, Private Dating, Safe Chat - PrivacyHider",DATING,Dating,Everyone,4.4,35205,0,-0.069639794,0.460296889,1000000,7,Medium
779,"Hide Something - Photo, Video",SOCIAL,Social,Everyone,4.6,225103,0,0.240710235,0.512799162,5000000,7,Medium
780,Hideman VPN,TOOLS,Tools,Everyone,4.1,88675,0,0.121646961,0.401256497,5000000,7,Medium
781,High Blood Pressure Symptoms,MEDICAL,Medical,Everyone,4.3,46,0,0.419533596,0.566358859,10000,5,Low
782,High-Powered Flashlight,TOOLS,Tools,Everyone,4.5,429580,0,0.338957298,0.505732026,10000000,8,Medium
783,"High-Speed Camera (GIF,Burst)",PHOTOGRAPHY,Photography,Everyone,4.1,78140,0,0.34845679,0.396737213,5000000,7,Medium
784,Hill Climb Racing,GAME,Racing,Everyone,4.4,8921451,0,0.09099915,0.4986745,100000000,9,High
785,Hill Climb Racing 2,GAME,Racing,Everyone,4.6,2750645,0,0.162140767,0.476328095,100000000,9,High
786,"Hily: Dating, Chat, Match, Meet & Hook up",DATING,Dating,Mature 17+,4.1,2560,0,0.033778595,0.555331207,100000,6,Low
787,Hinge: Dating & Relationships,DATING,Dating,Mature 17+,4.2,7779,0,0.156798802,0.496280812,500000,6,Low
788,HipChat - Chat Built for Teams,BUSINESS,Business,Everyone,3.8,5868,0,-0.037827877,0.369469812,500000,6,Low
789,Hipmunk Hotels & Flights,TRAVEL_AND_LOCAL,Travel & Local,Everyone,4.3,16734,0,0.546301587,0.621585412,1000000,7,Medium
790,Hitwe - meet people and chat,DATING,Dating,Mature 17+,4.2,243950,0,-0.139456019,0.694104938,10000000,8,Medium
791,"Hole19: Golf GPS App, Rangefinder & Scorecard",SPORTS,Sports,Everyone,4.4,6106,0,0.443638262,0.606864035,100000,6,Low
792,Home Decor Showpiece Art making: Medium Difficulty,HOUSE_AND_HOME,House & Home,Everyone,4.3,273,0,0.191866667,0.626142857,50000,5,Low
793,Home Scouting¬Æ MLS Mobile,LIFESTYLE,Lifestyle,Everyone,4.3,1533,0,0.090935809,0.369088373,100000,6,Low
794,Home Security Camera WardenCam - reuse old phones,HOUSE_AND_HOME,House & Home,Everyone,4.3,43847,0,0.201457362,0.487288094,1000000,7,Medium
795,Home Workout - No Equipment,HEALTH_AND_FITNESS,Health & Fitness,Everyone,4.8,432160,0,0.338351856,0.555220856,10000000,8,Medium
796,Home Workout for Men - Bodybuilding,HEALTH_AND_FITNESS,Health & Fitness,Everyone,4.8,12705,0,0.523449519,0.470103785,1000000,7,Medium
797,"Home workouts - fat burning, abs, legs, arms,chest",HEALTH_AND_FITNESS,Health & Fitness,Everyone,4.3,4848,0,0.448220486,0.596955128,1000000,7,Medium
798,HomeWork,EDUCATION,Education,Everyone,4.3,16195,0,1,0.3,1000000,7,Medium
799,"Homes.com üè† For Sale, Rent",HOUSE_AND_HOME,House & Home,Everyone,4,6000,0,0.238365801,0.435690236,1000000,7,Medium
800,Homescapes,GAME,Casual,Everyone,4.6,3093932,0,0.038252644,0.524581284,10000000,8,Medium
801,Homesnap Real Estate & Rentals,HOUSE_AND_HOME,House & Home,Everyone,4.3,3834,0,0.276848002,0.479021164,500000,6,Low
802,Homestyler Interior Design & Decorating Ideas,LIFESTYLE,Lifestyle,Everyone,4.1,78298,0,0.17563054,0.467069828,5000000,7,Medium
803,Homework Planner,EDUCATION,Education,Everyone,4,2525,0,0.277523613,0.533458533,100000,6,Low
804,Honkai Impact 3rd,GAME,Action,Teen,4.7,59017,0,0.10148298,0.523547141,1000000,7,Medium
805,Hopper - Watch & Book Flights,TRAVEL_AND_LOCAL,Travel & Local,Everyone,4.4,52028,0,0.17804421,0.476137484,5000000,7,Medium
806,Horoscopes ‚Äì Daily Zodiac Horoscope and Astrology,LIFESTYLE,Lifestyle,Everyone 10+,4.6,161143,0,0.264314858,0.405945681,10000000,8,Medium
807,Horses Live Wallpaper,PERSONALIZATION,Personalization,Everyone,4.2,28806,0,0.345458645,0.511571068,1000000,7,Medium
808,Hostelworld: Hostels & Cheap Hotels Travel App,TRAVEL_AND_LOCAL,Travel & Local,Everyone,4.4,17878,0,0.253418478,0.576285445,1000000,7,Medium
809,Hot Wheels: Race Off,FAMILY,Racing;Action & Adventure,Everyone,4.5,520654,0,-0.008838898,0.490315479,10000000,8,Medium
810,HotelTonight: Book amazing deals at great hotels,TRAVEL_AND_LOCAL,Travel & Local,Everyone,4.4,57556,0,0.328908058,0.554483976,5000000,7,Medium
811,Hotels Combined - Cheap deals,TRAVEL_AND_LOCAL,Travel & Local,Everyone,4.1,17202,0,0.160785384,0.353099647,5000000,7,Medium
812,Hotels.com: Book Hotel Rooms & Find Vacation Deals,TRAVEL_AND_LOCAL,Travel & Local,Everyone,4.5,260133,0,0.101622207,0.545444072,10000000,8,Medium
813,Hotspot Shield Free VPN Proxy & Wi-Fi Security,TOOLS,Tools,Everyone,4.2,1116393,0,0.251764706,0.393284314,50000000,8,Medium
814,Hotstar,ENTERTAINMENT,Entertainment,Teen,4.3,4885646,0,0.038177826,0.493964099,100000000,9,High
815,Hotwire Hotel & Car Rental App,TRAVEL_AND_LOCAL,Travel & Local,Everyone,4.3,10323,0,0.187029446,0.459717412,1000000,7,Medium
816,Housing-Real Estate & Property,LIFESTYLE,Lifestyle,Everyone,4.1,28301,0,-0.021426982,0.378531531,1000000,7,Medium